Workbook

Sheet C.R Sem. 2025
A1: Période | B1: Catégorie | C1: Amanda | D1: Emile | E1: Brandon | F1: Immersion | G1: Elsa | H1: Laureen-Lee | I1: Brice | J1: Lamia | K1: Global
A2: S2 - Janvier | B2: Oui | C2: 2 | I2: 0 | J2: 1 | K2: =SUM(C2,I2,J2) -> 3 | L2: Nouveaux clients
B3: Non | C3: 33 | I3: 14 | J3: 20 | K3: =SUM(C3,I3,J3) -> 67
B4: Ne répond pas | C4: 26 | I4: 22 | J4: 35 | K4: =SUM(C4,I4,J4) -> 83
B5: À réfléchir | C5: 28 | I5: 3 | J5: 5 | K5: =SUM(C5,I5,J5) -> 36
B6: Relance | C6: 17 | I6: 0 | J6: 0 | K6: =SUM(C6,I6,J6) -> 17
B7: Total d'appel | C7: 106 | I7: 39 | J7: 61 | K7: =SUM(C7,I7,J7) -> 206
B8: Total trier | C8: 427 | I8: 174 | J8: 256 | K8: =SUM(C8,I8,J8) -> 857
B9: Nbre d'ent. fermé | C9: 173 | I9: 88 | J9: 134 | K9: =SUM(C9,I9,J9) -> 395
B10: Nbre d'ent. ouvert | C10: 254 | I10: 86 | J10: 132 | K10: =SUM(C10,I10,J10) -> 472
A11: S3 | B11: Oui | C11: 3 | I11: 2 | J11: 2 | K11: =SUM(C11,I11,J11) -> 7 | L11: Nouveaux clients
B12: Non | C12: 40 | I12: 14 | J12: 31 | K12: =SUM(C12,I12,J12) -> 85
B13: Ne répond pas | C13: 32 | I13: 16 | J13: 65 | K13: =SUM(C13,I13,J13) -> 113
B14: À réfléchir | C14: 27 | I14: 2 | J14: 5 | K14: =SUM(C14,I14,J14) -> 34
B15: Relance | C15: 16 | I15: 45 | J15: 0 | K15: =SUM(C15,I15,J15) -> 61
B16: Total d'appel | C16: 118 | I16: 107 | J16: 104 | K16: =SUM(C16,I16,J16) -> 329
B17: Total trier | C17: 154 | I17: 160 | J17: 145 | K17: =SUM(C17,I17,J17) -> 459
B18: Nbre d'ent. fermé | C18: 46 | I18: 108 | J18: 83 | K18: =SUM(C18,I18,J18) -> 237
B19: Nbre d'ent. ouvert | C19: 108 | I19: 52 | J19: 62 | K19: =SUM(C19,I19,J19) -> 222
A20: S4 | B20: Oui | C20: 0 | I20: 2 | J20: 0 | K20: =SUM(C20,I20,J20) -> 2 | L20: Nouveaux clients
B21: Non | C21: 36 | I21: 15 | J21: 30 | K21: =SUM(C21,I21,J21) -> 81
B22: Ne répond pas | C22: 28 | I22: 35 | J22: 40 | K22: =SUM(C22,I22,J22) -> 103
B23: À réfléchir | C23: 24 | I23: 3 | J23: 16 | K23: =SUM(C23,I23,J23) -> 43
B24: Relance | C24: 3 | I24: 12 | J24: 0 | K24: =SUM(C24,I24,J24) -> 15
B25: Total d'appel | C25: 91 | I25: 85 | J25: 86 | K25: =SUM(C25,I25,J25) -> 262
B26: Total trier | C26: 180 | I26: 150 | J26: 164 | K26: =SUM(C26,I26,J26) -> 494
B27: Nbre d'ent. fermé | C27: 75 | I27: 77 | J27: 74 | K27: =SUM(C27,I27,J27) -> 226
B28: Nbre d'ent. ouvert | C28: 105 | I28: 73 | J28: 90 | K28: =SUM(C28,I28,J28) -> 268
A29: S5 | B29: Oui | C29: 3 | I29: 2 | J29: 0 | K29: =SUM(C29,I29,J29) -> 5 | L29: Nouveaux clients
B30: Non | C30: 36 | J30: 37 | K30: =SUM(C30,I30,J30) -> 73
B31: Ne répond pas | C31: 31 | J31: 39 | K31: =SUM(C31,I31,J31) -> 70
B32: À réfléchir | C32: 21 | I32: 10 | J32: 5 | K32: =SUM(C32,I32,J32) -> 36
B33: Relance | C33: 0 | J33: 0 | K33: =SUM(C33,I33,J33) -> 0
B34: Total d'appel | C34: 91 | I34: 92 | J34: 81 | K34: =SUM(C34,I34,J34) -> 264
B35: Total trier | C35: 171 | I35: 162 | J35: 219 | K35: =SUM(C35,I35,J35) -> 552
B36: Nbre d'ent. fermé | C36: 72 | J36: 105 | K36: =SUM(C36,I36,J36) -> 177
B37: Nbre d'ent. ouvert | C37: 99 | I37: 52 | J37: 114 | K37: =SUM(C37,I37,J37) -> 265
A38: S6 - Février | B38: Oui | C38: 4 | I38: 0 | J38: 3 | K38: =SUM(C38,I38,J38) -> 7 | L38: Nouveaux Contrats
B39: Non | C39: 38 | J39: 18 | K39: =SUM(C39,I39,J39) -> 56
B40: Ne répond pas | C40: 27 | J40: 38 | K40: =SUM(C40,I40,J40) -> 65
B41: À réfléchir | C41: 23 | I41: 10 | J41: 5 | K41: =SUM(C41,I41,J41) -> 38
B42: Relance | C42: 12 | J42: 0 | K42: =SUM(C42,I42,J42) -> 12
B43: Total d'appel | C43: 102 | I43: 92 | J43: 62 | K43: =SUM(C43,I43,J43) -> 256
B44: Total trier | C44: 207 | I44: 152 | J44: 234 | K44: =SUM(C44,I44,J44) -> 593
B45: Nbre d'ent. fermé | C45: 120 | J45: 108 | K45: =SUM(C45,I45,J45) -> 228
B46: Nbre d'ent. ouvert | C46: 87 | I46: 82 | J46: 125 | K46: =SUM(C46,I46,J46) -> 294
A47: S7 | B47: Oui | C47: 3 | I47: 6 | J47: 4 | K47: =SUM(C47,I47,J47) -> 13 | L47: Nouveaux Contrats
B48: Non | C48: 36 | J48: 25 | K48: =SUM(C48,I48,J48) -> 61
B49: Ne répond pas | C49: 27 | J49: 36 | K49: =SUM(C49,I49,J49) -> 63
B50: À réfléchir | C50: 19 | I50: 8 | J50: 5 | K50: =SUM(C50,I50,J50) -> 32
B51: Relance | C51: 10 | J51: 0 | K51: =SUM(C51,I51,J51) -> 10
B52: Total d'appel | C52: 93 | I52: 96 | J52: 69 | K52: =SUM(C52,I52,J52) -> 258
B53: Total trier | C53: 181 | I53: 190 | J53: 213 | K53: =SUM(C53,I53,J53) -> 584
B54: Nbre d'ent. fermé | C54: 91 | J54: 105 | K54: =SUM(C54,I54,J54) -> 196
B55: Nbre d'ent. ouvert | C55: 90 | I55: 102 | J55: 108 | K55: =SUM(C55,I55,J55) -> 300
A56: S8 | B56: Oui | C56: 9 | I56: 0 | J56: 2 | K56: =SUM(C56,I56,J56) -> 11 | L56: Nouveaux Contrats
B57: Non | C57: 35 | I57: 20 | J57: 28 | K57: =SUM(C57,I57,J57) -> 83
B58: Ne répond pas | C58: 32 | I58: 15 | J58: 39 | K58: =SUM(C58,I58,J58) -> 86
B59: À réfléchir | C59: 14 | I59: 3 | J59: 15 | K59: =SUM(C59,I59,J59) -> 32
B60: Relance | C60: 6 | I60: 10 | J60: 2 | K60: =SUM(C60,I60,J60) -> 18
B61: Total d'appel | C61: 90 | I61: 79 | J61: 84 | K61: =SUM(C61,I61,J61) -> 253
B62: Total trier | C62: 143 | I62: 135 | J62: 184 | K62: =SUM(C62,I62,J62) -> 462
B63: Nbre d'ent. fermé | C63: 67 | I63: 65 | J63: 85 | K63: =SUM(C63,I63,J63) -> 217
B64: Nbre d'ent. ouvert | C64: 76 | I64: 70 | J64: 99 | K64: =SUM(C64,I64,J64) -> 245
A65: S9 | B65: Oui | C65: 3 | I65: 1 | J65: 3 | K65: =SUM(C65,I65,J65) -> 7 | L65: Nouveaux Contrats
B66: Non | C66: 12 | I66: 22 | J66: 20 | K66: =SUM(C66,I66,J66) -> 54
B67: Ne répond pas | C67: 14 | I67: 16 | J67: 30 | K67: =SUM(C67,I67,J67) -> 60
B68: À réfléchir | C68: 6 | I68: 7 | J68: 10 | K68: =SUM(C68,I68,J68) -> 23
B69: Relance | C69: 0 | I69: 0 | J69: 0 | K69: =SUM(C69,I69,J69) -> 0
B70: Total d'appel | C70: 32 | I70: 64 | J70: 60 | K70: =SUM(C70,I70,J70) -> 156
B71: Total trier | C71: 134 | I71: 125 | J71: 130 | K71: =SUM(C71,I71,J71) -> 389
B72: Nbre d'ent. fermé | C72: 2 | I72: 80 | J72: 50 | K72: =SUM(C72,I72,J72) -> 132
B73: Nbre d'ent. ouvert | C73: 132 | I73: 45 | J73: 80 | K73: =SUM(C73,I73,J73) -> 257 | M73: MEDEF
A74: S10 - Mars | B74: Oui | C74: 15 | I74: 15 | J74: 6 | K74: =SUM(C74,I74,J74) -> 36 | L74: Nouveaux Contrats
B75: Non | C75: 43 | I75: 56 | J75: 43 | K75: =SUM(C75,I75,J75) -> 142
B76: Ne répond pas | C76: 40 | I76: 67 | J76: 36 | K76: =SUM(C76,I76,J76) -> 143
B77: À réfléchir | C77: 17 | I77: 0 | J77: 10 | K77: =SUM(C77,I77,J77) -> 27
B78: Relance | C78: 6 | I78: 10 | J78: 3 | K78: =SUM(C78,I78,J78) -> 19
B79: Total d'appel | C79: 113 | I79: 140 | J79: 96 | K79: =SUM(C79,I79,J79) -> 349
B80: Total trier | C80: 157 | I80: 140 | J80: 140 | K80: =SUM(C80,I80,J80) -> 437 | M80: GOOGLE MAP
B81: Nbre d'ent. fermé | C81: 11 | I81: 0 | J81: 61 | K81: =SUM(C81,I81,J81) -> 72 | M81: PAGE JAUNE
B82: Nbre d'ent. ouvert | C82: 146 | I82: 140 | J82: 79 | K82: =SUM(C82,I82,J82) -> 365
A83: S11 | B83: Oui | C83: 3 | I83: 6 | J83: 7 | K83: =SUM(C83,I83,J83) -> 16 | L83: Nouveaux Contrats
B84: Non | C84: 50 | I84: 37 | J84: 41 | K84: =SUM(C84,I84,J84) -> 128
B85: Ne répond pas | C85: 37 | I85: 25 | J85: 32 | K85: =SUM(C85,I85,J85) -> 94
B86: À réfléchir | C86: 8 | I86: 11 | J86: 8 | K86: =SUM(C86,I86,J86) -> 27
B87: Relance | C87: 0 | I87: 15 | J87: 3 | K87: =SUM(C87,I87,J87) -> 18
B88: Total d'appel | C88: 97 | I88: 128 | J88: 87 | K88: =SUM(C88,I88,J88) -> 312
B89: Total trier | C89: 201 | I89: 128 | J89: 92 | K89: =SUM(C89,I89,J89) -> 421
B90: Nbre d'ent. fermé | C90: 100 | I90: 2 | J90: 5 | K90: =SUM(C90,I90,J90) -> 107
B91: Nbre d'ent. ouvert | C91: 101 | I91: 126 | J91: 87 | K91: =SUM(C91,I91,J91) -> 314
A92: S12 | B92: Oui | C92: 6 | I92: 1 | J92: 3 | K92: =SUM(C92,I92,J92) -> 10
B93: Non | C93: 66 | I93: 7 | J93: 48 | K93: =SUM(C93,I93,J93) -> 121
B94: Ne répond pas | C94: 32 | I94: 37 | J94: 41 | K94: =SUM(C94,I94,J94) -> 110
B95: À réfléchir | C95: 19 | I95: 3 | J95: 9 | K95: =SUM(C95,I95,J95) -> 31
B96: Relance | C96: 5 | I96: 14 | J96: 2 | K96: =SUM(C96,I96,J96) -> 21
B97: Total d'appel | C97: 125 | I97: 96 | J97: 100 | K97: =SUM(C97,I97,J97) -> 321
B98: Total trier | C98: 151 | I98: 166 | J98: 100 | K98: =SUM(C98,I98,J98) -> 417
B99: Nbre d'ent. fermé | C99: 16 | I99: 60 | J99: 1 | K99: =SUM(C99,I99,J99) -> 77
B100: Nbre d'ent. ouvert | C100: 135 | I100: 106 | J100: 99 | K100: =SUM(C100,I100,J100) -> 340
...

Sheet C.R Sem. 2026
A1: * | B1: Catégorie | C1: Amanda | D1: Emile | E1: Brandon | F1: Immersion
A2: S2 - Janvier | B2: Visite entreprises | D2: 2 | E2: 2
B3: Oui OF
B4: Oui | C4: 7 | D4: 4 | E4: 4 | G4: =SUM(C4:F4) -> 15
B5: Non | C5: 5 | D5: 18 | E5: 12
B6: Ne répond pas | C6: 3 | D6: 34 | E6: 19
B7: À réfléchir | C7: 4 | D7: 6 | E7: 8
B8: Relance | C8: 7 | D8: 8 | E8: 9
B9: Total d'appel | C9: =SUM(C4:C8) -> 26 | D9: 71 | E9: 53 | F9: =SUM(F4:F8) -> 0
B10: Total trier | F10: =SUM(F11:F12) -> 0
B11: Nbre d'ent. fermé | E11: 8
B12: Nbre d'ent. ouvert | C12: =C9 -> 26 | D12: =D9 -> 71 | E12: =E9-E11 -> 45
A13: S3 | B13: Visite entreprises | D13: 5 | E13: 5
B14: Oui OF | E14: 1 | G14: =SUM(C14:F14) -> 1
B15: Oui | C15: 6 | D15: 5 | E15: 4 | G15: =SUM(C15:F15) -> 15
B16: Non | C16: 19 | D16: 20 | E16: 15
B17: Ne répond pas | C17: 14 | D17: 24 | E17: 23
B18: À réfléchir | C18: 6 | D18: 8 | E18: 14
B19: Relance | C19: 12 | D19: 6 | E19: 6
B20: Total d'appel | C20: =SUM(C15:C19) -> 57 | D20: 72 | E20: 63 | F20: =SUM(F15:F19) -> 0
B21: Total trier | F21: =SUM(F22:F23) -> 0
B22: Nbre d'ent. fermé | E22: 2
B23: Nbre d'ent. ouvert | C23: =C20 -> 57 | D23: =D20 -> 72 | E23: =E20-E22 -> 61
A24: S4 | B24: Visite entreprises | E24: 5
B25: Oui OF | C25: 3 | E25: 2 | G25: =SUM(C25:F25) -> 5
B26: Oui | C26: 6 | D26: 4 | E26: 7 | G26: =SUM(C26:F26) -> 17
B27: Non | C27: 14 | D27: 17 | E27: 10
B28: Ne répond pas | C28: 11 | D28: 23 | E28: 32
B29: À réfléchir | C29: 9 | D29: 13 | E29: 5
B30: Relance | C30: 10 | D30: 15 | E30: 8
B31: Total d'appel | C31: =SUM(C26:C30) -> 50 | D31: =SUM(D26:D30) -> 72 | E31: =SUM(E26:E30) -> 62 | F31: =SUM(F26:F30) -> 0
B32: Total trier | F32: =SUM(F33:F34) -> 0
B33: Nbre d'ent. fermé | C33: 2
B34: Nbre d'ent. ouvert | C34: =C31-C33 -> 48 | D34: =D31 -> 72 | E34: =E31 -> 62
A35: S5 | B35: Visite entreprises | D35: 4 | E35: 4
B36: Oui OF | G36: =SUM(C36:F36) -> 0
B37: Oui | C37: 9 | D37: 10 | E37: 6 | G37: =SUM(C37:F37) -> 25
B38: Non | C38: 15 | D38: 16 | E38: 12
B39: Ne répond pas | C39: 10 | D39: 6 | E39: 31
B40: À réfléchir | C40: 5 | D40: 9 | E40: 4
B41: Relance | C41: 11 | D41: 3 | E41: 8
B42: Total d'appel | C42: =SUM(C37:C41) -> 50 | D42: 48 | E42: =SUM(E37:E41) -> 61 | F42: =SUM(F37:F41) -> 0
B43: Total trier | F43: =SUM(F44:F45) -> 0
B44: Nbre d'ent. fermé | E44: 1
B45: Nbre d'ent. ouvert | C45: =C42 -> 50 | D45: =D42 -> 48 | E45: =E42-E44 -> 60
A46: S6 - Février | B46: Visite entreprises | D46: 1
B47: Oui OF | G47: =SUM(C47:F47) -> 0
B48: Oui | C48: 4 | D48: 4 | E48: 5 | G48: =SUM(C48:F48) -> 13
B49: Non | C49: 5 | D49: 24 | E49: 23
B50: Ne répond pas | C50: 7 | D50: 26 | E50: 26
B51: À réfléchir | C51: 5 | D51: 9 | E51: 4
B52: Relance | C52: 4 | D52: 2 | E52: 5
B53: Total d'appel | C53: =SUM(C48:C52) -> 25 | D53: 66 | E53: 63 | F53: =SUM(F48:F52) -> 0
B54: Total trier | F54: =SUM(F55:F56) -> 0
B55: Nbre d'ent. fermé | E55: 2
B56: Nbre d'ent. ouvert | C56: =C53 -> 25 | D56: =D53 -> 66 | E56: =E53-E55 -> 61
A57: S7 | B57: Visite entreprises
B58: Oui OF | C58: 2 | G58: =SUM(C58:F58) -> 2
B59: Oui | C59: 3 | D59: 3 | E59: 4 | G59: =SUM(C59:F59) -> 10
B60: Non | C60: 9 | D60: 22 | E60: 21
B61: Ne répond pas | C61: 15 | D61: 27 | E61: 34
B62: À réfléchir | C62: 8 | D62: 6 | E62: 4
B63: Relance | C63: 2 | D63: 2 | E63: 1
B64: Total d'appel | C64: =SUM(C59:C63) -> 37 | D64: =SUM(D59:D63) -> 60 | E64: =SUM(E59:E63) -> 64 | F64: =SUM(F59:F63) -> 0
B65: Total trier | F65: =SUM(F66:F67) -> 0
B66: Nbre d'ent. fermé
B67: Nbre d'ent. ouvert | C67: =C64 -> 37 | D67: =D64 -> 60 | E67: =E64 -> 64
A68: S8 | B68: Visite entreprises
B69: Oui OF | E69: 1 | G69: =SUM(C69:F69) -> 1
B70: Oui | C70: 3 | D70: 3 | E70: 7 | G70: =SUM(C70:F70) -> 13
B71: Non | C71: 17 | D71: 27 | E71: 24
B72: Ne répond pas | C72: 6 | D72: 21 | E72: 19
B73: À réfléchir | C73: 7 | D73: 11 | E73: 11
B74: Relance | C74: 10 | D74: 5 | E74: 3
B75: Total d'appel | C75: =SUM(C70:C74) -> 43 | D75: =SUM(D70:D74) -> 67 | E75: =SUM(E70:E74) -> 64 | F75: =SUM(F70:F74) -> 0
B76: Total trier | F76: =SUM(F77:F78) -> 0
B77: Nbre d'ent. fermé | C77: 3 | E77: 2
B78: Nbre d'ent. ouvert | C78: =C75-C77 -> 40 | D78: =D75-D77 -> 67 | E78: =E75-E77 -> 62
A79: S9 | B79: Visite entreprises
B80: Oui OF | C80: 1 | E80: 1 | G80: =SUM(C80:F80) -> 2
B81: Oui | C81: 3 | D81: 5 | E81: 4 | G81: =SUM(C81:F81) -> 12
B82: Non | C82: 18 | D82: 28 | E82: 23
B83: Ne répond pas | C83: 14 | D83: 16 | E83: 18
B84: À réfléchir | C84: 6 | D84: 8 | E84: 14
B85: Relance | C85: 7 | D85: 6 | E85: 4
B86: Total d'appel | C86: =SUM(C81:C85) -> 48 | D86: =SUM(D81:D85) -> 63 | E86: =SUM(E81:E85) -> 63 | F86: =SUM(F81:F85) -> 0
B87: Total trier | F87: =SUM(F88:F89) -> 0
B88: Nbre d'ent. fermé | C88: 8 | E88: 2
B89: Nbre d'ent. ouvert | C89: =C86-C88 -> 40 | D89: =D86-D88 -> 63 | E89: =E86-E88 -> 61
A90: S10 - Mars | B90: Visite entreprises
B91: Oui OF | D91: 1 | E91: 2 | G91: =SUM(C91:F91) -> 3
B92: Oui | C92: 4 | D92: 4 | E92: 5 | G92: =SUM(C92:F92) -> 13
B93: Non | C93: =9+8 -> 17 | D93: 27 | E93: 20
B94: Ne répond pas | C94: 3 | D94: 18 | E94: 24
B95: À réfléchir | C95: 9 | D95: 9 | E95: 14
B96: Relance | C96: 17 | D96: 6 | E96: 4
B97: Total d'appel | C97: =SUM(C92:C96) -> 50 | D97: =SUM(D92:D96) -> 64 | E97: =SUM(E92:E96) -> 67 | F97: =SUM(F92:F96) -> 0
B98: Total trier
B99: Nbre d'ent. fermé | C99: 2
B100: Nbre d'ent. ouvert | C100: =C97-C99 -> 48 | D100: =D97-D99 -> 64 | E100: =E97-E99 -> 67 | F100: =F97-F99 -> 0
...

Sheet C.R Mois 2026
A1: Période | B1: Catégorie | C1: Amanda | D1: Emile | E1: Brandon | F1: Immersion | G1: Total | H1: Comparatif N-1 | I1: Écart N-1 | J1: Évolution% N-1 | L1: Non employé
A2: Janvier | B2: Oui | C2: =SUM('C.R Sem. 2026'!C4,'C.R Sem. 2026'!C15,'C.R Sem. 2026'!C26,'C.R Sem. 2026'!C37) -> 28 | D2: =SUM('C.R Sem. 2026'!D4,'C.R Sem. 2026'!D15,'C.R Sem. 2026'!D26,'C.R Sem. 2026'!D37) -> 23 | E2: =SUM('C.R Sem. 2026'!E4,'C.R Sem. 2026'!E15,'C.R Sem. 2026'!E26,'C.R Sem. 2026'!E37) -> 21 | F2: =SUM('C.R Sem. 2026'!F4,'C.R Sem. 2026'!F15,'C.R Sem. 2026'!F26,'C.R Sem. 2026'!F37) -> 0 | G2: =SUM(C2:F2) -> 72 | H2: =IF(G2>'C.R Mois 2025'!K2,"↑",IF(G2<'C.R Mois 2025'!K2,"↓","→")) -> ↑ | I2: =G2-'C.R Mois 2025'!K2 -> 55 | J2: =(G2-'C.R Mois 2025'!K2)/'C.R Mois 2025'!K2 -> 3.2352941
B3: Oui OF | C3: =SUM('C.R Sem. 2026'!C3,'C.R Sem. 2026'!C14,'C.R Sem. 2026'!C25,'C.R Sem. 2026'!C36) -> 3 | D3: =SUM('C.R Sem. 2026'!D3,'C.R Sem. 2026'!D14,'C.R Sem. 2026'!D25,'C.R Sem. 2026'!D36) -> 0 | E3: =SUM('C.R Sem. 2026'!E3,'C.R Sem. 2026'!E14,'C.R Sem. 2026'!E25,'C.R Sem. 2026'!E36) -> 3 | F3: =SUM('C.R Sem. 2026'!F3,'C.R Sem. 2026'!F14,'C.R Sem. 2026'!F25,'C.R Sem. 2026'!F36) -> 0 | G3: =SUM(C3:F3) -> 6 | L3: ANNÉE | M3: JANVIER | N3: FÉVRIER | O3: MARS | P3: AVRIL | Q3: MAI | R3: JUIN | S3: JUILLET | T3: AOUT | U3: SEPTEMBRE | V3: OCTOBRE | W3: NOVEMBRE | X3: DÉCEMBRE | Y3: TOTAL
B4: À réfléchir | C4: =SUM('C.R Sem. 2026'!C7,'C.R Sem. 2026'!C18,'C.R Sem. 2026'!C29,'C.R Sem. 2026'!C40) -> 24 | D4: =SUM('C.R Sem. 2026'!D7,'C.R Sem. 2026'!D18,'C.R Sem. 2026'!D29,'C.R Sem. 2026'!D40) -> 36 | E4: =SUM('C.R Sem. 2026'!E7,'C.R Sem. 2026'!E18,'C.R Sem. 2026'!E29,'C.R Sem. 2026'!E40) -> 31 | F4: =SUM('C.R Sem. 2026'!F7,'C.R Sem. 2026'!F18,'C.R Sem. 2026'!F29,'C.R Sem. 2026'!F40) -> 0 | L4: GLOBAL OUI 2025 | M4: ='C.R Mois 2025'!K2 -> 17 | N4: ='C.R Mois 2025'!K7 -> 38 | O4: ='C.R Mois 2025'!K12 -> 75 | P4: ='C.R Mois 2025'!K17 -> 35 | Q4: ='C.R Mois 2025'!K22 -> 53 | R4: ='C.R Mois 2025'!K27 -> 40 | S4: ='C.R Mois 2025'!K32 -> 61 | T4: ='C.R Mois 2025'!K37 -> 83 | U4: ='C.R Mois 2025'!K42 -> 91 | V4: ='C.R Mois 2025'!K47 -> 85 | W4: ='C.R Mois 2025'!K52 -> 34 | X4: ='C.R Mois 2025'!K57 -> 17 | Y4: ='C.R Mois 2025'!K62 -> 629
B5: Total d'appel | C5: =SUM('C.R Sem. 2026'!C9,'C.R Sem. 2026'!C20,'C.R Sem. 2026'!C31,'C.R Sem. 2026'!C42) -> 183 | D5: =SUM('C.R Sem. 2026'!D9,'C.R Sem. 2026'!D20,'C.R Sem. 2026'!D31,'C.R Sem. 2026'!D42) -> 263 | E5: =SUM('C.R Sem. 2026'!E9,'C.R Sem. 2026'!E20,'C.R Sem. 2026'!E31,'C.R Sem. 2026'!E42) -> 239 | F5: =SUM('C.R Sem. 2026'!F9,'C.R Sem. 2026'!F20,'C.R Sem. 2026'!F31,'C.R Sem. 2026'!F42) -> 0 | L5: GLOBAL OUI 2026 | M5: =G2 -> 72 | N5: =G8 -> 48 | O5: =G14 -> 87 | P5: =G20 -> 59 | Q5: =G26 -> 58 | R5: =G32 -> 25 | S5: =G38 -> 0 | T5: =G44 -> 0 | U5: =G50 -> 0 | V5: =G56 -> 0 | W5: =G62 -> 0 | X5: =G68 -> 0 | Y5: =G74 -> 349
B6: Total trier | C6: =SUM('C.R Sem. 2026'!C43,'C.R Sem. 2026'!C32,'C.R Sem. 2026'!C21,'C.R Sem. 2026'!C10) -> 0 | D6: =SUM('C.R Sem. 2026'!D43,'C.R Sem. 2026'!D32,'C.R Sem. 2026'!D21,'C.R Sem. 2026'!D10) -> 0 | E6: =SUM('C.R Sem. 2026'!E43,'C.R Sem. 2026'!E32,'C.R Sem. 2026'!E21,'C.R Sem. 2026'!E10) -> 0 | F6: =SUM('C.R Sem. 2026'!F43,'C.R Sem. 2026'!F32,'C.R Sem. 2026'!F21,'C.R Sem. 2026'!F10) -> 0
B7: Nbre d'ent. ouvert | C7: =SUM('C.R Sem. 2026'!C12,'C.R Sem. 2026'!C23,'C.R Sem. 2026'!C34,'C.R Sem. 2026'!C45) -> 181 | D7: =SUM('C.R Sem. 2026'!D12,'C.R Sem. 2026'!D23,'C.R Sem. 2026'!D34,'C.R Sem. 2026'!D45) -> 263 | E7: =SUM('C.R Sem. 2026'!E12,'C.R Sem. 2026'!E23,'C.R Sem. 2026'!E34,'C.R Sem. 2026'!E45) -> 228 | F7: =SUM('C.R Sem. 2026'!F12,'C.R Sem. 2026'!F23,'C.R Sem. 2026'!F34,'C.R Sem. 2026'!F45) -> 0
A8: Février | B8: Oui | C8: =SUM('C.R Sem. 2026'!C48,'C.R Sem. 2026'!C59,'C.R Sem. 2026'!C70,'C.R Sem. 2026'!C81) -> 13 | D8: =SUM('C.R Sem. 2026'!D48,'C.R Sem. 2026'!D59,'C.R Sem. 2026'!D70,'C.R Sem. 2026'!D81) -> 15 | E8: =SUM('C.R Sem. 2026'!E48,'C.R Sem. 2026'!E59,'C.R Sem. 2026'!E70,'C.R Sem. 2026'!E81) -> 20 | F8: =SUM('C.R Sem. 2026'!F48,'C.R Sem. 2026'!F59,'C.R Sem. 2026'!F70,'C.R Sem. 2026'!F81) -> 0 | G8: =SUM(C8:F8) -> 48 | H8: =IF(G8>'C.R Mois 2025'!K7,"↑",IF(G8<'C.R Mois 2025'!K7,"↓","→")) -> ↑ | I8: =G8-'C.R Mois 2025'!K7 -> 10 | J8: =(G8-'C.R Mois 2025'!K7)/'C.R Mois 2025'!K7 -> 0.26315789
B9: Oui OF | C9: =SUM('C.R Sem. 2026'!C47,'C.R Sem. 2026'!C58,'C.R Sem. 2026'!C69,'C.R Sem. 2026'!C80) -> 3 | D9: =SUM('C.R Sem. 2026'!D47,'C.R Sem. 2026'!D58,'C.R Sem. 2026'!D69,'C.R Sem. 2026'!D80) -> 0 | E9: =SUM('C.R Sem. 2026'!E47,'C.R Sem. 2026'!E58,'C.R Sem. 2026'!E69,'C.R Sem. 2026'!E80) -> 2 | F9: =SUM('C.R Sem. 2026'!F47,'C.R Sem. 2026'!F58,'C.R Sem. 2026'!F69,'C.R Sem. 2026'!F80) -> 0 | G9: =SUM(C9:F9) -> 5
B10: À réfléchir | C10: =SUM('C.R Sem. 2026'!C84,'C.R Sem. 2026'!C73,'C.R Sem. 2026'!C62,'C.R Sem. 2026'!C51) -> 26 | D10: =SUM('C.R Sem. 2026'!D84,'C.R Sem. 2026'!D73,'C.R Sem. 2026'!D62,'C.R Sem. 2026'!D51) -> 34 | E10: =SUM('C.R Sem. 2026'!E84,'C.R Sem. 2026'!E73,'C.R Sem. 2026'!E62,'C.R Sem. 2026'!E51) -> 33 | F10: =SUM('C.R Sem. 2026'!F84,'C.R Sem. 2026'!F73,'C.R Sem. 2026'!F62,'C.R Sem. 2026'!F51) -> 0
B11: Total d'appel | C11: =SUM('C.R Sem. 2026'!C86,'C.R Sem. 2026'!C75,'C.R Sem. 2026'!C64,'C.R Sem. 2026'!C53) -> 153 | D11: =SUM('C.R Sem. 2026'!D86,'C.R Sem. 2026'!D75,'C.R Sem. 2026'!D64,'C.R Sem. 2026'!D53) -> 256 | E11: =SUM('C.R Sem. 2026'!E86,'C.R Sem. 2026'!E75,'C.R Sem. 2026'!E64,'C.R Sem. 2026'!E53) -> 254 | F11: =SUM('C.R Sem. 2026'!F86,'C.R Sem. 2026'!F75,'C.R Sem. 2026'!F64,'C.R Sem. 2026'!F53) -> 0
B12: Total trier | C12: =SUM('C.R Sem. 2026'!C54,'C.R Sem. 2026'!C65,'C.R Sem. 2026'!C76,'C.R Sem. 2026'!C87) -> 0 | D12: =SUM('C.R Sem. 2026'!D54,'C.R Sem. 2026'!D65,'C.R Sem. 2026'!D76,'C.R Sem. 2026'!D87) -> 0 | E12: =SUM('C.R Sem. 2026'!E54,'C.R Sem. 2026'!E65,'C.R Sem. 2026'!E76,'C.R Sem. 2026'!E87) -> 0 | F12: =SUM('C.R Sem. 2026'!F54,'C.R Sem. 2026'!F65,'C.R Sem. 2026'!F76,'C.R Sem. 2026'!F87) -> 0
B13: Nbre d'ent. ouvert | C13: =SUM('C.R Sem. 2026'!C56,'C.R Sem. 2026'!C67,'C.R Sem. 2026'!C78,'C.R Sem. 2026'!C89) -> 142 | D13: =SUM('C.R Sem. 2026'!D56,'C.R Sem. 2026'!D67,'C.R Sem. 2026'!D78,'C.R Sem. 2026'!D89) -> 256 | E13: =SUM('C.R Sem. 2026'!E56,'C.R Sem. 2026'!E67,'C.R Sem. 2026'!E78,'C.R Sem. 2026'!E89) -> 248 | F13: =SUM('C.R Sem. 2026'!F56,'C.R Sem. 2026'!F67,'C.R Sem. 2026'!F78,'C.R Sem. 2026'!F89) -> 0
A14: Mars | B14: Oui | C14: =SUM('C.R Sem. 2026'!C92,'C.R Sem. 2026'!C103,'C.R Sem. 2026'!C114,'C.R Sem. 2026'!C125,'C.R Sem. 2026'!C136) -> 37 | D14: =SUM('C.R Sem. 2026'!D92,'C.R Sem. 2026'!D103,'C.R Sem. 2026'!D114,'C.R Sem. 2026'!D125,'C.R Sem. 2026'!D136) -> 25 | E14: =SUM('C.R Sem. 2026'!E92,'C.R Sem. 2026'!E103,'C.R Sem. 2026'!E114,'C.R Sem. 2026'!E125,'C.R Sem. 2026'!E136) -> 25 | F14: =SUM('C.R Sem. 2026'!F92,'C.R Sem. 2026'!F103,'C.R Sem. 2026'!F114,'C.R Sem. 2026'!F125,'C.R Sem. 2026'!F136) -> 0 | G14: =SUM(C14:F14) -> 87 | H14: =IF(G14>'C.R Mois 2025'!K12,"↑",IF(G14<'C.R Mois 2025'!K12,"↓","→")) -> ↑ | I14: =G14-'C.R Mois 2025'!K12 -> 12 | J14: =(G14-'C.R Mois 2025'!K12)/'C.R Mois 2025'!K12 -> 0.16
B15: Oui OF | C15: =SUM('C.R Sem. 2026'!C91,'C.R Sem. 2026'!C102,'C.R Sem. 2026'!C113,'C.R Sem. 2026'!C124) -> 1 | D15: =SUM('C.R Sem. 2026'!D91,'C.R Sem. 2026'!D102,'C.R Sem. 2026'!D113,'C.R Sem. 2026'!D124) -> 1 | E15: =SUM('C.R Sem. 2026'!E91,'C.R Sem. 2026'!E102,'C.R Sem. 2026'!E113,'C.R Sem. 2026'!E124) -> 3 | F15: =SUM('C.R Sem. 2026'!F91,'C.R Sem. 2026'!F102,'C.R Sem. 2026'!F113,'C.R Sem. 2026'!F124) -> 0 | G15: =SUM(C15:F15) -> 5
B16: À réfléchir | C16: =SUM('C.R Sem. 2026'!C139,'C.R Sem. 2026'!C128,'C.R Sem. 2026'!C117,'C.R Sem. 2026'!C106,'C.R Sem. 2026'!C95) -> 43 | D16: =SUM('C.R Sem. 2026'!D139,'C.R Sem. 2026'!D128,'C.R Sem. 2026'!D117,'C.R Sem. 2026'!D106,'C.R Sem. 2026'!D95) -> 38 | E16: =SUM('C.R Sem. 2026'!E139,'C.R Sem. 2026'!E128,'C.R Sem. 2026'!E117,'C.R Sem. 2026'!E106,'C.R Sem. 2026'!E95) -> 39 | F16: =SUM('C.R Sem. 2026'!F139,'C.R Sem. 2026'!F128,'C.R Sem. 2026'!F117,'C.R Sem. 2026'!F106,'C.R Sem. 2026'!F95) -> 0
B17: Total d'appel | C17: =SUM('C.R Sem. 2026'!C97,'C.R Sem. 2026'!C108,'C.R Sem. 2026'!C119,'C.R Sem. 2026'!C130,'C.R Sem. 2026'!C141) -> 248 | D17: =SUM('C.R Sem. 2026'!D97,'C.R Sem. 2026'!D108,'C.R Sem. 2026'!D119,'C.R Sem. 2026'!D130,'C.R Sem. 2026'!D141) -> 337 | E17: =SUM('C.R Sem. 2026'!E97,'C.R Sem. 2026'!E108,'C.R Sem. 2026'!E119,'C.R Sem. 2026'!E130,'C.R Sem. 2026'!E141) -> 266 | F17: =SUM('C.R Sem. 2026'!F97,'C.R Sem. 2026'!F108,'C.R Sem. 2026'!F119,'C.R Sem. 2026'!F130,'C.R Sem. 2026'!F141) -> 0
B18: Total trier | C18: =SUM('C.R Sem. 2026'!C142,'C.R Sem. 2026'!C131,'C.R Sem. 2026'!C120,'C.R Sem. 2026'!C109,'C.R Sem. 2026'!C98) -> 0 | D18: =SUM('C.R Sem. 2026'!D142,'C.R Sem. 2026'!D131,'C.R Sem. 2026'!D120,'C.R Sem. 2026'!D109,'C.R Sem. 2026'!D98) -> 0 | E18: =SUM('C.R Sem. 2026'!E142,'C.R Sem. 2026'!E131,'C.R Sem. 2026'!E120,'C.R Sem. 2026'!E109,'C.R Sem. 2026'!E98) -> 45 | F18: =SUM('C.R Sem. 2026'!F142,'C.R Sem. 2026'!F131,'C.R Sem. 2026'!F120,'C.R Sem. 2026'!F109,'C.R Sem. 2026'!F98) -> 0
B19: Nbre d'ent. ouvert | C19: =SUM('C.R Sem. 2026'!C100,'C.R Sem. 2026'!C111,'C.R Sem. 2026'!C122,'C.R Sem. 2026'!C133,'C.R Sem. 2026'!C144) -> 243 | D19: =SUM('C.R Sem. 2026'!D100,'C.R Sem. 2026'!D111,'C.R Sem. 2026'!D122,'C.R Sem. 2026'!D133,'C.R Sem. 2026'!D144) -> 337 | E19: =SUM('C.R Sem. 2026'!E100,'C.R Sem. 2026'!E111,'C.R Sem. 2026'!E122,'C.R Sem. 2026'!E133,'C.R Sem. 2026'!E144) -> 255 | F19: =SUM('C.R Sem. 2026'!F100,'C.R Sem. 2026'!F111,'C.R Sem. 2026'!F122,'C.R Sem. 2026'!F133,'C.R Sem. 2026'!F144) -> 0
A20: Avril | B20: Oui | C20: =SUM('C.R Sem. 2026'!C147,'C.R Sem. 2026'!C158,'C.R Sem. 2026'!C169,'C.R Sem. 2026'!C180) -> 22 | D20: =SUM('C.R Sem. 2026'!D147,'C.R Sem. 2026'!D158,'C.R Sem. 2026'!D169,'C.R Sem. 2026'!D180) -> 19 | E20: =SUM('C.R Sem. 2026'!E147,'C.R Sem. 2026'!E158,'C.R Sem. 2026'!E169,'C.R Sem. 2026'!E180) -> 18 | F20: =SUM('C.R Sem. 2026'!F147,'C.R Sem. 2026'!F158,'C.R Sem. 2026'!F169,'C.R Sem. 2026'!F180) -> 0 | G20: =SUM(C20:F20) -> 59 | H20: =IF(G20>'C.R Mois 2025'!K17,"↑",IF(G20<'C.R Mois 2025'!K17,"↓","→")) -> ↑ | I20: =G20-'C.R Mois 2025'!K17 -> 24 | J20: =(G20-'C.R Mois 2025'!K17)/'C.R Mois 2025'!K17 -> 0.68571429
B21: Oui OF | C21: =SUM('C.R Sem. 2026'!C179,'C.R Sem. 2026'!C168,'C.R Sem. 2026'!C157,'C.R Sem. 2026'!C146) -> 0 | D21: =SUM('C.R Sem. 2026'!D179,'C.R Sem. 2026'!D168,'C.R Sem. 2026'!D157,'C.R Sem. 2026'!D146) -> 0 | E21: =SUM('C.R Sem. 2026'!E179,'C.R Sem. 2026'!E168,'C.R Sem. 2026'!E157,'C.R Sem. 2026'!E146) -> 1 | F21: =SUM('C.R Sem. 2026'!F179,'C.R Sem. 2026'!F168,'C.R Sem. 2026'!F157,'C.R Sem. 2026'!F146) -> 0 | G21: =SUM(C21:F21) -> 1
B22: À réfléchir | C22: =SUM('C.R Sem. 2026'!C150,'C.R Sem. 2026'!C161,'C.R Sem. 2026'!C172,'C.R Sem. 2026'!C183) -> 29 | D22: =SUM('C.R Sem. 2026'!D150,'C.R Sem. 2026'!D161,'C.R Sem. 2026'!D172,'C.R Sem. 2026'!D183) -> 44 | E22: =SUM('C.R Sem. 2026'!E150,'C.R Sem. 2026'!E161,'C.R Sem. 2026'!E172,'C.R Sem. 2026'!E183) -> 47 | F22: =SUM('C.R Sem. 2026'!F150,'C.R Sem. 2026'!F161,'C.R Sem. 2026'!F172,'C.R Sem. 2026'!F183) -> 0
B23: Total d'appel | C23: =SUM('C.R Sem. 2026'!C185,'C.R Sem. 2026'!C174,'C.R Sem. 2026'!C163,'C.R Sem. 2026'!C152) -> 203 | D23: =SUM('C.R Sem. 2026'!D185,'C.R Sem. 2026'!D174,'C.R Sem. 2026'!D163,'C.R Sem. 2026'!D152) -> 216 | E23: =SUM('C.R Sem. 2026'!E185,'C.R Sem. 2026'!E174,'C.R Sem. 2026'!E163,'C.R Sem. 2026'!E152) -> 216 | F23: =SUM('C.R Sem. 2026'!F185,'C.R Sem. 2026'!F174,'C.R Sem. 2026'!F163,'C.R Sem. 2026'!F152) -> 0
B24: Total trier | C24: =SUM('C.R Sem. 2026'!C153,'C.R Sem. 2026'!C164,'C.R Sem. 2026'!C175,'C.R Sem. 2026'!C186) -> 0 | D24: =SUM('C.R Sem. 2026'!D153,'C.R Sem. 2026'!D164,'C.R Sem. 2026'!D175,'C.R Sem. 2026'!D186) -> 0 | E24: =SUM('C.R Sem. 2026'!E153,'C.R Sem. 2026'!E164,'C.R Sem. 2026'!E175,'C.R Sem. 2026'!E186) -> 0 | F24: =SUM('C.R Sem. 2026'!F153,'C.R Sem. 2026'!F164,'C.R Sem. 2026'!F175,'C.R Sem. 2026'!F186) -> 0
B25: Nbre d'ent. ouvert | C25: =SUM('C.R Sem. 2026'!C155,'C.R Sem. 2026'!C166,'C.R Sem. 2026'!C177,'C.R Sem. 2026'!C188) -> 201 | D25: =SUM('C.R Sem. 2026'!D155,'C.R Sem. 2026'!D166,'C.R Sem. 2026'!D177,'C.R Sem. 2026'!D188) -> 216 | E25: =SUM('C.R Sem. 2026'!E155,'C.R Sem. 2026'!E166,'C.R Sem. 2026'!E177,'C.R Sem. 2026'!E188) -> 215 | F25: =SUM('C.R Sem. 2026'!F155,'C.R Sem. 2026'!F166,'C.R Sem. 2026'!F177,'C.R Sem. 2026'!F188) -> 0
A26: Mai | B26: Oui | C26: =SUM('C.R Sem. 2026'!C213,'C.R Sem. 2026'!C202,'C.R Sem. 2026'!C191,'C.R Sem. 2026'!C224) -> 13 | D26: =SUM('C.R Sem. 2026'!D213,'C.R Sem. 2026'!D202,'C.R Sem. 2026'!D191,'C.R Sem. 2026'!D224) -> 24 | E26: =SUM('C.R Sem. 2026'!E213,'C.R Sem. 2026'!E202,'C.R Sem. 2026'!E191,'C.R Sem. 2026'!E224) -> 21 | F26: =SUM('C.R Sem. 2026'!F213,'C.R Sem. 2026'!F202,'C.R Sem. 2026'!F191,'C.R Sem. 2026'!F224) -> 0 | G26: =SUM(C26:F26) -> 58 | H26: =IF(G26>'C.R Mois 2025'!K22,"↑",IF(G26<'C.R Mois 2025'!K22,"↓","→")) -> ↑ | I26: =G26-'C.R Mois 2025'!K22 -> 5 | J26: =(G26-'C.R Mois 2025'!K22)/'C.R Mois 2025'!K22 -> 0.094339623
B27: Oui OF | C27: =SUM('C.R Sem. 2026'!C212,'C.R Sem. 2026'!C201,'C.R Sem. 2026'!C190,'C.R Sem. 2026'!C223) -> 1 | D27: =SUM('C.R Sem. 2026'!D212,'C.R Sem. 2026'!D201,'C.R Sem. 2026'!D190,'C.R Sem. 2026'!D223) -> 0 | E27: =SUM('C.R Sem. 2026'!E212,'C.R Sem. 2026'!E201,'C.R Sem. 2026'!E190,'C.R Sem. 2026'!E223) -> 1 | F27: =SUM('C.R Sem. 2026'!F212,'C.R Sem. 2026'!F201,'C.R Sem. 2026'!F190,'C.R Sem. 2026'!F223) -> 0 | G27: =SUM(C27:F27) -> 2
B28: À réfléchir | C28: =SUM('C.R Sem. 2026'!C194,'C.R Sem. 2026'!C205,'C.R Sem. 2026'!C216,'C.R Sem. 2026'!C227) -> 14 | D28: =SUM('C.R Sem. 2026'!D227,'C.R Sem. 2026'!D216,'C.R Sem. 2026'!D205,'C.R Sem. 2026'!D194) -> 39 | E28: =SUM('C.R Sem. 2026'!E194,'C.R Sem. 2026'!E205,'C.R Sem. 2026'!E216,'C.R Sem. 2026'!E227) -> 33 | F28: =SUM('C.R Sem. 2026'!F194,'C.R Sem. 2026'!F205,'C.R Sem. 2026'!F216,'C.R Sem. 2026'!F227) -> 0
B29: Total d'appel | C29: =SUM('C.R Sem. 2026'!C229,'C.R Sem. 2026'!C218,'C.R Sem. 2026'!C207,'C.R Sem. 2026'!C196) -> 106 | D29: =SUM('C.R Sem. 2026'!D229,'C.R Sem. 2026'!D218,'C.R Sem. 2026'!D207,'C.R Sem. 2026'!D196) -> 263 | E29: =SUM('C.R Sem. 2026'!E229,'C.R Sem. 2026'!E218,'C.R Sem. 2026'!E207,'C.R Sem. 2026'!E196) -> 204 | F29: =SUM('C.R Sem. 2026'!F229,'C.R Sem. 2026'!F218,'C.R Sem. 2026'!F207,'C.R Sem. 2026'!F196) -> 0
B30: Total trier | C30: =SUM('C.R Sem. 2026'!C208,'C.R Sem. 2026'!C197,'C.R Sem. 2026'!C219,'C.R Sem. 2026'!C230) -> 0 | D30: =SUM('C.R Sem. 2026'!D208,'C.R Sem. 2026'!D197,'C.R Sem. 2026'!D219,'C.R Sem. 2026'!D230) -> 0 | E30: =SUM('C.R Sem. 2026'!E208,'C.R Sem. 2026'!E197,'C.R Sem. 2026'!E219,'C.R Sem. 2026'!E230) -> 0 | F30: =SUM('C.R Sem. 2026'!F208,'C.R Sem. 2026'!F197,'C.R Sem. 2026'!F219,'C.R Sem. 2026'!F230) -> 0
B31: Nbre d'ent. ouvert | C31: =SUM('C.R Sem. 2026'!C232,'C.R Sem. 2026'!C221,'C.R Sem. 2026'!C210,'C.R Sem. 2026'!C199) -> 106 | D31: =SUM('C.R Sem. 2026'!D232,'C.R Sem. 2026'!D221,'C.R Sem. 2026'!D210,'C.R Sem. 2026'!D199) -> 263 | E31: =SUM('C.R Sem. 2026'!E232,'C.R Sem. 2026'!E221,'C.R Sem. 2026'!E210,'C.R Sem. 2026'!E199) -> 197 | F31: =SUM('C.R Sem. 2026'!F232,'C.R Sem. 2026'!F221,'C.R Sem. 2026'!F210,'C.R Sem. 2026'!F199) -> 0
A32: Juin | B32: Oui | C32: =SUM('C.R Sem. 2026'!C235,'C.R Sem. 2026'!C246,'C.R Sem. 2026'!C257,'C.R Sem. 2026'!C268,'C.R Sem. 2026'!C279) -> 6 | D32: =SUM('C.R Sem. 2026'!D235,'C.R Sem. 2026'!D246,'C.R Sem. 2026'!D257,'C.R Sem. 2026'!D268,'C.R Sem. 2026'!D279) -> 14 | E32: =SUM('C.R Sem. 2026'!E235,'C.R Sem. 2026'!E246,'C.R Sem. 2026'!E257,'C.R Sem. 2026'!E268,'C.R Sem. 2026'!E279) -> 5 | F32: =SUM('C.R Sem. 2026'!F235,'C.R Sem. 2026'!F246,'C.R Sem. 2026'!F257,'C.R Sem. 2026'!F268,'C.R Sem. 2026'!F279) -> 0 | G32: =SUM(C32:F32) -> 25 | H32: =IF(G32>'C.R Mois 2025'!K27,"↑",IF(G32<'C.R Mois 2025'!K27,"↓","→")) -> ↓ | I32: =G32-'C.R Mois 2025'!K27 -> -15 | J32: =(G32-'C.R Mois 2025'!K27)/'C.R Mois 2025'!K27 -> -0.375
B33: Oui OF | C33: =SUM('C.R Sem. 2026'!C278,'C.R Sem. 2026'!C267,'C.R Sem. 2026'!C256,'C.R Sem. 2026'!C245,'C.R Sem. 2026'!C234) -> 0 | D33: =SUM('C.R Sem. 2026'!D278,'C.R Sem. 2026'!D267,'C.R Sem. 2026'!D256,'C.R Sem. 2026'!D245,'C.R Sem. 2026'!D234) -> 0 | E33: =SUM('C.R Sem. 2026'!E278,'C.R Sem. 2026'!E267,'C.R Sem. 2026'!E256,'C.R Sem. 2026'!E245,'C.R Sem. 2026'!E234) -> 0 | F33: =SUM('C.R Sem. 2026'!F278,'C.R Sem. 2026'!F267,'C.R Sem. 2026'!F256,'C.R Sem. 2026'!F245,'C.R Sem. 2026'!F234) -> 0 | G33: =SUM(C33:F33) -> 0
B34: À réfléchir | C34: =SUM('C.R Sem. 2026'!C238,'C.R Sem. 2026'!C249,'C.R Sem. 2026'!C260,'C.R Sem. 2026'!C271,'C.R Sem. 2026'!C282) -> 6 | D34: =SUM('C.R Sem. 2026'!D238,'C.R Sem. 2026'!D249,'C.R Sem. 2026'!D260,'C.R Sem. 2026'!D271,'C.R Sem. 2026'!D282) -> 22 | E34: =SUM('C.R Sem. 2026'!E238,'C.R Sem. 2026'!E249,'C.R Sem. 2026'!E260,'C.R Sem. 2026'!E271,'C.R Sem. 2026'!E282) -> 12 | F34: =SUM('C.R Sem. 2026'!F238,'C.R Sem. 2026'!F249,'C.R Sem. 2026'!F260,'C.R Sem. 2026'!F271,'C.R Sem. 2026'!F282) -> 0
B35: Total d'appel | C35: =SUM('C.R Sem. 2026'!C284,'C.R Sem. 2026'!C273,'C.R Sem. 2026'!C262,'C.R Sem. 2026'!C251,'C.R Sem. 2026'!C240) -> 34 | D35: =SUM('C.R Sem. 2026'!D284,'C.R Sem. 2026'!D273,'C.R Sem. 2026'!D262,'C.R Sem. 2026'!D251,'C.R Sem. 2026'!D240) -> 112 | E35: =SUM('C.R Sem. 2026'!E284,'C.R Sem. 2026'!E273,'C.R Sem. 2026'!E262,'C.R Sem. 2026'!E251,'C.R Sem. 2026'!E240) -> 56 | F35: =SUM('C.R Sem. 2026'!F284,'C.R Sem. 2026'!F273,'C.R Sem. 2026'!F262,'C.R Sem. 2026'!F251,'C.R Sem. 2026'!F240) -> 0
B36: Total trier | C36: =SUM('C.R Sem. 2026'!C241,'C.R Sem. 2026'!C252,'C.R Sem. 2026'!C263,'C.R Sem. 2026'!C274,'C.R Sem. 2026'!C285) -> 0 | D36: =SUM('C.R Sem. 2026'!D241,'C.R Sem. 2026'!D252,'C.R Sem. 2026'!D263,'C.R Sem. 2026'!D274,'C.R Sem. 2026'!D285) -> 0 | E36: =SUM('C.R Sem. 2026'!E241,'C.R Sem. 2026'!E252,'C.R Sem. 2026'!E263,'C.R Sem. 2026'!E274,'C.R Sem. 2026'!E285) -> 0 | F36: =SUM('C.R Sem. 2026'!F241,'C.R Sem. 2026'!F252,'C.R Sem. 2026'!F263,'C.R Sem. 2026'!F274,'C.R Sem. 2026'!F285) -> 0
B37: Nbre d'ent. ouvert | C37: =SUM('C.R Sem. 2026'!C287,'C.R Sem. 2026'!C276,'C.R Sem. 2026'!C265,'C.R Sem. 2026'!C254,'C.R Sem. 2026'!C243) -> 32 | D37: =SUM('C.R Sem. 2026'!D287,'C.R Sem. 2026'!D276,'C.R Sem. 2026'!D265,'C.R Sem. 2026'!D254,'C.R Sem. 2026'!D243) -> 62 | E37: =SUM('C.R Sem. 2026'!E287,'C.R Sem. 2026'!E276,'C.R Sem. 2026'!E265,'C.R Sem. 2026'!E254,'C.R Sem. 2026'!E243) -> 56 | F37: =SUM('C.R Sem. 2026'!F287,'C.R Sem. 2026'!F276,'C.R Sem. 2026'!F265,'C.R Sem. 2026'!F254,'C.R Sem. 2026'!F243) -> 0
A38: Juillet | B38: Oui | H38: =IF(G38>'C.R Mois 2025'!K32,"↑",IF(G38<'C.R Mois 2025'!K32,"↓","→")) -> ↓ | I38: =G38-'C.R Mois 2025'!K32 -> -61 | J38: =(G38-'C.R Mois 2025'!K32)/'C.R Mois 2025'!K32 -> -1
B39: Oui OF
B40: À réfléchir
B41: Total d'appel
B42: Total trier
B43: Nbre d'ent. ouvert
A44: Août | B44: Oui | H44: =IF(G44>'C.R Mois 2025'!K37,"↑",IF(G44<'C.R Mois 2025'!K37,"↓","→")) -> ↓ | I44: =G44-'C.R Mois 2025'!K37 -> -83 | J44: =(G44-'C.R Mois 2025'!K37)/'C.R Mois 2025'!K37 -> -1
B45: Oui OF
B46: À réfléchir
B47: Total d'appel
B48: Total trier
B49: Nbre d'ent. ouvert
A50: Septembre | B50: Oui | H50: =IF(G50>'C.R Mois 2025'!K42,"↑",IF(G50<'C.R Mois 2025'!K42,"↓","→")) -> ↓ | I50: =G50-'C.R Mois 2025'!K42 -> -91 | J50: =(G50-'C.R Mois 2025'!K42)/'C.R Mois 2025'!K42 -> -1
B51: Oui OF
B52: À réfléchir
B53: Total d'appel
B54: Total trier
B55: Nbre d'ent. ouvert
A56: Octobre | B56: Oui | H56: =IF(G56>'C.R Mois 2025'!K47,"↑",IF(G56<'C.R Mois 2025'!K47,"↓","→")) -> ↓ | I56: =G56-'C.R Mois 2025'!K47 -> -85 | J56: =(G56-'C.R Mois 2025'!K47)/'C.R Mois 2025'!K47 -> -1
B57: Oui OF
B58: À réfléchir
B59: Total d'appel
B60: Total trier
B61: Nbre d'ent. ouvert
A62: Novembre | B62: Oui | H62: =IF(G62>'C.R Mois 2025'!K52,"↑",IF(G62<'C.R Mois 2025'!K52,"↓","→")) -> ↓ | I62: =G62-'C.R Mois 2025'!K52 -> -34 | J62: =(G62-'C.R Mois 2025'!K52)/'C.R Mois 2025'!K52 -> -1
B63: Oui OF
B64: À réfléchir
B65: Total d'appel
B66: Total trier
B67: Nbre d'ent. ouvert
A68: Décembre | B68: Oui | H68: =IF(G68>'C.R Mois 2025'!K57,"↑",IF(G68<'C.R Mois 2025'!K57,"↓","→")) -> ↓ | I68: =G68-'C.R Mois 2025'!K57 -> -17 | J68: =(G68-'C.R Mois 2025'!K57)/'C.R Mois 2025'!K57 -> -1
B69: Oui OF
B70: À réfléchir
B71: Total d'appel
B72: Total trier
B73: Nbre d'ent. ouvert
A74: 2026 | B74: GLOBAL OUI | C74: =SUM(C68,C62,C56,C50,C44,C38,C32,C26,C20,C14,C8,C2) -> 119 | D74: =SUM(D68,D62,D56,D50,D44,D38,D32,D26,D20,D14,D8,D2) -> 120 | E74: =SUM(E68,E62,E56,E50,E44,E38,E32,E26,E20,E14,E8,E2) -> 110 | F74: =SUM(F68,F62,F56,F50,F44,F38,F32,F26,F20,F14,F8,F2) -> 0 | G74: =SUM(G68,G62,G56,G50,G44,G38,G32,G26,G20,G14,G8,G2) -> 349 | H74: =IF(G74>'C.R Mois 2025'!K62,"↑",IF(G74<'C.R Mois 2025'!K62,"↓","→")) -> ↓ | I74: =G74-'C.R Mois 2025'!K62 -> -280 | J74: =(G74-'C.R Mois 2025'!K62)/'C.R Mois 2025'!K62 -> -0.44515103
B75: GLOBAL OUI OF | C75: =SUM(C69,C63,C57,C51,C45,C39,C33,C28,C21,C15,C9,C3) -> 21 | D75: =SUM(D69,D63,D57,D51,D45,D39,D33,D27,D21,D15,D9,D3) -> 1 | E75: =SUM(E69,E63,E57,E51,E45,E39,E33,E27,E21,E15,E9,E3) -> 10 | F75: =SUM(F69,F63,F57,F51,F45,F39,F33,F27,F21,F15,F9,F3) -> 0 | G75: =SUM(G69,G63,G57,G51,G45,G39,G33,G27,G21,G15,G9,G3) -> 19
B76: Comparatif N-1 | C76: =IF(C74>'C.R Mois 2025'!C62,"↑",IF(C74<'C.R Mois 2025'!C62,"↓","→")) -> ↓ | D76: =IF(D74>'C.R Mois 2025'!D62,"↑",IF(D74<'C.R Mois 2025'!D62,"↓","→")) -> ↑ | E76: =IF(E74>'C.R Mois 2025'!E62,"↑",IF(E74<'C.R Mois 2025'!E62,"↓","→")) -> ↑ | F76: =IF(F74>'C.R Mois 2025'!F62,"↑",IF(F74<'C.R Mois 2025'!F62,"↓","→")) -> ↓ | G76: =IF(G74>'C.R Mois 2025'!G62,"↑",IF(G74<'C.R Mois 2025'!G62,"↓","→")) -> ↑
B77: Évolution% N-1 | C77: =(C74-'C.R Mois 2025'!C62)/'C.R Mois 2025'!C62*100 -> -54.924242 | D77: =(D74-'C.R Mois 2025'!D62)/'C.R Mois 2025'!D62*100 -> 84.615385 | E77: =(E74-'C.R Mois 2025'!E62)/'C.R Mois 2025'!E62*100 -> 89.655172 | F77: =(F74-'C.R Mois 2025'!F62)/'C.R Mois 2025'!F62*100 -> -100 | G77: =(G74-'C.R Mois 2025'!G62)/'C.R Mois 2025'!G62*100 -> 571.15385

Sheet C.R Mois 2025
A1: Période | B1: Catégorie | C1: Amanda | D1: Emile | E1: Brandon | F1: Immersion | G1: Elsa | H1: Laureen-Lee | I1: Brice | J1: Lamia | K1: Total 2025
A2: Janvier | B2: Oui | C2: =SUM('C.R Sem. 2025'!C2+'C.R Sem. 2025'!C11+'C.R Sem. 2025'!C20+'C.R Sem. 2025'!C29) -> 8 | D2: =SUM('C.R Sem. 2025'!D2+'C.R Sem. 2025'!D11+'C.R Sem. 2025'!D20+'C.R Sem. 2025'!D29) -> 0 | E2: =SUM('C.R Sem. 2025'!E2+'C.R Sem. 2025'!E11+'C.R Sem. 2025'!E20+'C.R Sem. 2025'!E29) -> 0 | F2: =SUM('C.R Sem. 2025'!F2+'C.R Sem. 2025'!F11+'C.R Sem. 2025'!F20+'C.R Sem. 2025'!F29) -> 0 | G2: =SUM('C.R Sem. 2025'!G2+'C.R Sem. 2025'!G11+'C.R Sem. 2025'!G20+'C.R Sem. 2025'!G29) -> 0 | H2: =SUM('C.R Sem. 2025'!H2+'C.R Sem. 2025'!H11+'C.R Sem. 2025'!H20+'C.R Sem. 2025'!H29) -> 0 | I2: =SUM('C.R Sem. 2025'!I2+'C.R Sem. 2025'!I11+'C.R Sem. 2025'!I20+'C.R Sem. 2025'!I29) -> 6 | J2: =SUM('C.R Sem. 2025'!J2+'C.R Sem. 2025'!J11+'C.R Sem. 2025'!J20+'C.R Sem. 2025'!J29) -> 3 | K2: =SUM(C2:J2) -> 17 | L2: Nouveaux clients
B3: À réfléchir | C3: =SUM('C.R Sem. 2025'!C5+'C.R Sem. 2025'!C14+'C.R Sem. 2025'!C23+'C.R Sem. 2025'!C32) -> 100 | D3: =SUM('C.R Sem. 2025'!D5+'C.R Sem. 2025'!D14+'C.R Sem. 2025'!D23+'C.R Sem. 2025'!D32) -> 0 | E3: =SUM('C.R Sem. 2025'!E5+'C.R Sem. 2025'!E14+'C.R Sem. 2025'!E23+'C.R Sem. 2025'!E32) -> 0 | F3: =SUM('C.R Sem. 2025'!F5+'C.R Sem. 2025'!F14+'C.R Sem. 2025'!F23+'C.R Sem. 2025'!F32) -> 0 | G3: =SUM('C.R Sem. 2025'!G5+'C.R Sem. 2025'!G14+'C.R Sem. 2025'!G23+'C.R Sem. 2025'!G32) -> 0 | H3: =SUM('C.R Sem. 2025'!H5+'C.R Sem. 2025'!H14+'C.R Sem. 2025'!H23+'C.R Sem. 2025'!H32) -> 0 | I3: =SUM('C.R Sem. 2025'!I5+'C.R Sem. 2025'!I14+'C.R Sem. 2025'!I23+'C.R Sem. 2025'!I32) -> 18 | J3: =SUM('C.R Sem. 2025'!J5+'C.R Sem. 2025'!J14+'C.R Sem. 2025'!J23+'C.R Sem. 2025'!J32) -> 31 | M3: Non employé
B4: Total d'appel | C4: =SUM('C.R Sem. 2025'!C7+'C.R Sem. 2025'!C16+'C.R Sem. 2025'!C25+'C.R Sem. 2025'!C34) -> 406 | D4: =SUM('C.R Sem. 2025'!D7+'C.R Sem. 2025'!D16+'C.R Sem. 2025'!D25+'C.R Sem. 2025'!D34) -> 0 | E4: =SUM('C.R Sem. 2025'!E7+'C.R Sem. 2025'!E16+'C.R Sem. 2025'!E25+'C.R Sem. 2025'!E34) -> 0 | F4: =SUM('C.R Sem. 2025'!F7+'C.R Sem. 2025'!F16+'C.R Sem. 2025'!F25+'C.R Sem. 2025'!F34) -> 0 | G4: =SUM('C.R Sem. 2025'!G7+'C.R Sem. 2025'!G16+'C.R Sem. 2025'!G25+'C.R Sem. 2025'!G34) -> 0 | H4: =SUM('C.R Sem. 2025'!H7+'C.R Sem. 2025'!H16+'C.R Sem. 2025'!H25+'C.R Sem. 2025'!H34) -> 0 | I4: =SUM('C.R Sem. 2025'!I7+'C.R Sem. 2025'!I16+'C.R Sem. 2025'!I25+'C.R Sem. 2025'!I34) -> 323 | J4: =SUM('C.R Sem. 2025'!J7+'C.R Sem. 2025'!J16+'C.R Sem. 2025'!J25+'C.R Sem. 2025'!J34) -> 332
B5: Total trier | C5: =SUM('C.R Sem. 2025'!C8+'C.R Sem. 2025'!C17+'C.R Sem. 2025'!C26+'C.R Sem. 2025'!C35) -> 932 | D5: =SUM('C.R Sem. 2025'!D8+'C.R Sem. 2025'!D17+'C.R Sem. 2025'!D26+'C.R Sem. 2025'!D35) -> 0 | E5: =SUM('C.R Sem. 2025'!E8+'C.R Sem. 2025'!E17+'C.R Sem. 2025'!E26+'C.R Sem. 2025'!E35) -> 0 | F5: =SUM('C.R Sem. 2025'!F8+'C.R Sem. 2025'!F17+'C.R Sem. 2025'!F26+'C.R Sem. 2025'!F35) -> 0 | G5: =SUM('C.R Sem. 2025'!G8+'C.R Sem. 2025'!G17+'C.R Sem. 2025'!G26+'C.R Sem. 2025'!G35) -> 0 | H5: =SUM('C.R Sem. 2025'!H8+'C.R Sem. 2025'!H17+'C.R Sem. 2025'!H26+'C.R Sem. 2025'!H35) -> 0 | I5: =SUM('C.R Sem. 2025'!I8+'C.R Sem. 2025'!I17+'C.R Sem. 2025'!I26+'C.R Sem. 2025'!I35) -> 646 | J5: =SUM('C.R Sem. 2025'!J8+'C.R Sem. 2025'!J17+'C.R Sem. 2025'!J26+'C.R Sem. 2025'!J35) -> 784
B6: Nbre d'ent. ouvert | C6: =SUM('C.R Sem. 2025'!C10+'C.R Sem. 2025'!C19+'C.R Sem. 2025'!C28+'C.R Sem. 2025'!C37) -> 566 | D6: =SUM('C.R Sem. 2025'!D10+'C.R Sem. 2025'!D19+'C.R Sem. 2025'!D28+'C.R Sem. 2025'!D37) -> 0 | E6: =SUM('C.R Sem. 2025'!E10+'C.R Sem. 2025'!E19+'C.R Sem. 2025'!E28+'C.R Sem. 2025'!E37) -> 0 | F6: =SUM('C.R Sem. 2025'!F10+'C.R Sem. 2025'!F19+'C.R Sem. 2025'!F28+'C.R Sem. 2025'!F37) -> 0 | G6: =SUM('C.R Sem. 2025'!G10+'C.R Sem. 2025'!G19+'C.R Sem. 2025'!G28+'C.R Sem. 2025'!G37) -> 0 | H6: =SUM('C.R Sem. 2025'!H10+'C.R Sem. 2025'!H19+'C.R Sem. 2025'!H28+'C.R Sem. 2025'!H37) -> 0 | I6: =SUM('C.R Sem. 2025'!I10+'C.R Sem. 2025'!I19+'C.R Sem. 2025'!I28+'C.R Sem. 2025'!I37) -> 263 | J6: =SUM('C.R Sem. 2025'!J10+'C.R Sem. 2025'!J19+'C.R Sem. 2025'!J28+'C.R Sem. 2025'!J37) -> 398
A7: Février | B7: Oui | C7: =SUM('C.R Sem. 2025'!C38+'C.R Sem. 2025'!C47+'C.R Sem. 2025'!C56+'C.R Sem. 2025'!C65) -> 19 | D7: =SUM('C.R Sem. 2025'!D38+'C.R Sem. 2025'!D47+'C.R Sem. 2025'!D56+'C.R Sem. 2025'!D65) -> 0 | E7: =SUM('C.R Sem. 2025'!E38+'C.R Sem. 2025'!E47+'C.R Sem. 2025'!E56+'C.R Sem. 2025'!E65) -> 0 | F7: =SUM('C.R Sem. 2025'!F38+'C.R Sem. 2025'!F47+'C.R Sem. 2025'!F56+'C.R Sem. 2025'!F65) -> 0 | G7: =SUM('C.R Sem. 2025'!G38+'C.R Sem. 2025'!G47+'C.R Sem. 2025'!G56+'C.R Sem. 2025'!G65) -> 0 | H7: =SUM('C.R Sem. 2025'!H38+'C.R Sem. 2025'!H47+'C.R Sem. 2025'!H56+'C.R Sem. 2025'!H65) -> 0 | I7: =SUM('C.R Sem. 2025'!I38+'C.R Sem. 2025'!I47+'C.R Sem. 2025'!I56+'C.R Sem. 2025'!I65) -> 7 | J7: =SUM('C.R Sem. 2025'!J38+'C.R Sem. 2025'!J47+'C.R Sem. 2025'!J56+'C.R Sem. 2025'!J65) -> 12 | K7: =SUM(C7:J7) -> 38 | L7: Nouveaux contrats
B8: À réfléchir | C8: =SUM('C.R Sem. 2025'!C41+'C.R Sem. 2025'!C50+'C.R Sem. 2025'!C59+'C.R Sem. 2025'!C68) -> 62 | D8: =SUM('C.R Sem. 2025'!D41+'C.R Sem. 2025'!D50+'C.R Sem. 2025'!D59+'C.R Sem. 2025'!D68) -> 0 | E8: =SUM('C.R Sem. 2025'!E41+'C.R Sem. 2025'!E50+'C.R Sem. 2025'!E59+'C.R Sem. 2025'!E68) -> 0 | F8: =SUM('C.R Sem. 2025'!F41+'C.R Sem. 2025'!F50+'C.R Sem. 2025'!F59+'C.R Sem. 2025'!F68) -> 0 | G8: =SUM('C.R Sem. 2025'!G41+'C.R Sem. 2025'!G50+'C.R Sem. 2025'!G59+'C.R Sem. 2025'!G68) -> 0 | H8: =SUM('C.R Sem. 2025'!H41+'C.R Sem. 2025'!H50+'C.R Sem. 2025'!H59+'C.R Sem. 2025'!H68) -> 0 | I8: =SUM('C.R Sem. 2025'!I41+'C.R Sem. 2025'!I50+'C.R Sem. 2025'!I59+'C.R Sem. 2025'!I68) -> 28 | J8: =SUM('C.R Sem. 2025'!J41+'C.R Sem. 2025'!J50+'C.R Sem. 2025'!J59+'C.R Sem. 2025'!J68) -> 35
B9: Total d'appel | C9: =SUM('C.R Sem. 2025'!C43+'C.R Sem. 2025'!C52+'C.R Sem. 2025'!C61+'C.R Sem. 2025'!C70) -> 317 | D9: =SUM('C.R Sem. 2025'!D43+'C.R Sem. 2025'!D52+'C.R Sem. 2025'!D61+'C.R Sem. 2025'!D70) -> 0 | E9: =SUM('C.R Sem. 2025'!E43+'C.R Sem. 2025'!E52+'C.R Sem. 2025'!E61+'C.R Sem. 2025'!E70) -> 0 | F9: =SUM('C.R Sem. 2025'!F43+'C.R Sem. 2025'!F52+'C.R Sem. 2025'!F61+'C.R Sem. 2025'!F70) -> 0 | G9: =SUM('C.R Sem. 2025'!G43+'C.R Sem. 2025'!G52+'C.R Sem. 2025'!G61+'C.R Sem. 2025'!G70) -> 0 | H9: =SUM('C.R Sem. 2025'!H43+'C.R Sem. 2025'!H52+'C.R Sem. 2025'!H61+'C.R Sem. 2025'!H70) -> 0 | I9: =SUM('C.R Sem. 2025'!I43+'C.R Sem. 2025'!I52+'C.R Sem. 2025'!I61+'C.R Sem. 2025'!I70) -> 331 | J9: =SUM('C.R Sem. 2025'!J43+'C.R Sem. 2025'!J52+'C.R Sem. 2025'!J61+'C.R Sem. 2025'!J70) -> 275
B10: Total trier | C10: =SUM('C.R Sem. 2025'!C44+'C.R Sem. 2025'!C53+'C.R Sem. 2025'!C62+'C.R Sem. 2025'!C71) -> 665 | D10: =SUM('C.R Sem. 2025'!D44+'C.R Sem. 2025'!D53+'C.R Sem. 2025'!D62+'C.R Sem. 2025'!D71) -> 0 | E10: =SUM('C.R Sem. 2025'!E44+'C.R Sem. 2025'!E53+'C.R Sem. 2025'!E62+'C.R Sem. 2025'!E71) -> 0 | F10: =SUM('C.R Sem. 2025'!F44+'C.R Sem. 2025'!F53+'C.R Sem. 2025'!F62+'C.R Sem. 2025'!F71) -> 0 | G10: =SUM('C.R Sem. 2025'!G44+'C.R Sem. 2025'!G53+'C.R Sem. 2025'!G62+'C.R Sem. 2025'!G71) -> 0 | H10: =SUM('C.R Sem. 2025'!H44+'C.R Sem. 2025'!H53+'C.R Sem. 2025'!H62+'C.R Sem. 2025'!H71) -> 0 | I10: =SUM('C.R Sem. 2025'!I44+'C.R Sem. 2025'!I53+'C.R Sem. 2025'!I62+'C.R Sem. 2025'!I71) -> 602 | J10: =SUM('C.R Sem. 2025'!J44+'C.R Sem. 2025'!J53+'C.R Sem. 2025'!J62+'C.R Sem. 2025'!J71) -> 761
B11: Nbre d'ent. ouvert | C11: =SUM('C.R Sem. 2025'!C46+'C.R Sem. 2025'!C55+'C.R Sem. 2025'!C64+'C.R Sem. 2025'!C73) -> 385 | D11: =SUM('C.R Sem. 2025'!D46+'C.R Sem. 2025'!D55+'C.R Sem. 2025'!D64+'C.R Sem. 2025'!D73) -> 0 | E11: =SUM('C.R Sem. 2025'!E46+'C.R Sem. 2025'!E55+'C.R Sem. 2025'!E64+'C.R Sem. 2025'!E73) -> 0 | F11: =SUM('C.R Sem. 2025'!F46+'C.R Sem. 2025'!F55+'C.R Sem. 2025'!F64+'C.R Sem. 2025'!F73) -> 0 | G11: =SUM('C.R Sem. 2025'!G46+'C.R Sem. 2025'!G55+'C.R Sem. 2025'!G64+'C.R Sem. 2025'!G73) -> 0 | H11: =SUM('C.R Sem. 2025'!H46+'C.R Sem. 2025'!H55+'C.R Sem. 2025'!H64+'C.R Sem. 2025'!H73) -> 0 | I11: =SUM('C.R Sem. 2025'!I46+'C.R Sem. 2025'!I55+'C.R Sem. 2025'!I64+'C.R Sem. 2025'!I73) -> 299 | J11: =SUM('C.R Sem. 2025'!J46+'C.R Sem. 2025'!J55+'C.R Sem. 2025'!J64+'C.R Sem. 2025'!J73) -> 412
A12: Mars | B12: Oui | C12: =SUM('C.R Sem. 2025'!C74+'C.R Sem. 2025'!C83+'C.R Sem. 2025'!C92+'C.R Sem. 2025'!C101) -> 28 | D12: =SUM('C.R Sem. 2025'!D74+'C.R Sem. 2025'!D83+'C.R Sem. 2025'!D92+'C.R Sem. 2025'!D101) -> 0 | E12: =SUM('C.R Sem. 2025'!E74+'C.R Sem. 2025'!E83+'C.R Sem. 2025'!E92+'C.R Sem. 2025'!E101) -> 0 | F12: =SUM('C.R Sem. 2025'!F74+'C.R Sem. 2025'!F83+'C.R Sem. 2025'!F92+'C.R Sem. 2025'!F101) -> 0 | G12: =SUM('C.R Sem. 2025'!G74+'C.R Sem. 2025'!G83+'C.R Sem. 2025'!G92+'C.R Sem. 2025'!G101) -> 0 | H12: =SUM('C.R Sem. 2025'!H74+'C.R Sem. 2025'!H83+'C.R Sem. 2025'!H92+'C.R Sem. 2025'!H101) -> 0 | I12: =SUM('C.R Sem. 2025'!I74+'C.R Sem. 2025'!I83+'C.R Sem. 2025'!I92+'C.R Sem. 2025'!I101) -> 28 | J12: =SUM('C.R Sem. 2025'!J74+'C.R Sem. 2025'!J83+'C.R Sem. 2025'!J92+'C.R Sem. 2025'!J101) -> 19 | K12: =SUM(C12:J12) -> 75 | L12: Nouveaux contrats
B13: À réfléchir | C13: ='C.R Sem. 2025'!C77+'C.R Sem. 2025'!C86+'C.R Sem. 2025'!C95+'C.R Sem. 2025'!C104 -> 59 | D13: ='C.R Sem. 2025'!D77+'C.R Sem. 2025'!D86+'C.R Sem. 2025'!D95+'C.R Sem. 2025'!D104 -> 0 | E13: ='C.R Sem. 2025'!E77+'C.R Sem. 2025'!E86+'C.R Sem. 2025'!E95+'C.R Sem. 2025'!E104 -> 0 | F13: ='C.R Sem. 2025'!F77+'C.R Sem. 2025'!F86+'C.R Sem. 2025'!F95+'C.R Sem. 2025'!F104 -> 0 | G13: ='C.R Sem. 2025'!G77+'C.R Sem. 2025'!G86+'C.R Sem. 2025'!G95+'C.R Sem. 2025'!G104 -> 0 | H13: ='C.R Sem. 2025'!H77+'C.R Sem. 2025'!H86+'C.R Sem. 2025'!H95+'C.R Sem. 2025'!H104 -> 0 | I13: ='C.R Sem. 2025'!I77+'C.R Sem. 2025'!I86+'C.R Sem. 2025'!I95+'C.R Sem. 2025'!I104 -> 19 | J13: ='C.R Sem. 2025'!J77+'C.R Sem. 2025'!J86+'C.R Sem. 2025'!J95+'C.R Sem. 2025'!J104 -> 42
B14: Total d'appel | C14: =SUM('C.R Sem. 2025'!C79+'C.R Sem. 2025'!C88+'C.R Sem. 2025'!C97+'C.R Sem. 2025'!C106) -> 423 | D14: =SUM('C.R Sem. 2025'!D79+'C.R Sem. 2025'!D88+'C.R Sem. 2025'!D97+'C.R Sem. 2025'!D106) -> 0 | E14: =SUM('C.R Sem. 2025'!E79+'C.R Sem. 2025'!E88+'C.R Sem. 2025'!E97+'C.R Sem. 2025'!E106) -> 0 | F14: =SUM('C.R Sem. 2025'!F79+'C.R Sem. 2025'!F88+'C.R Sem. 2025'!F97+'C.R Sem. 2025'!F106) -> 0 | G14: =SUM('C.R Sem. 2025'!G79+'C.R Sem. 2025'!G88+'C.R Sem. 2025'!G97+'C.R Sem. 2025'!G106) -> 0 | H14: =SUM('C.R Sem. 2025'!H79+'C.R Sem. 2025'!H88+'C.R Sem. 2025'!H97+'C.R Sem. 2025'!H106) -> 0 | I14: =SUM('C.R Sem. 2025'!I79+'C.R Sem. 2025'!I88+'C.R Sem. 2025'!I97+'C.R Sem. 2025'!I106) -> 491 | J14: =SUM('C.R Sem. 2025'!J79+'C.R Sem. 2025'!J88+'C.R Sem. 2025'!J97+'C.R Sem. 2025'!J106) -> 373
B15: Total trier | C15: ='C.R Sem. 2025'!C80+'C.R Sem. 2025'!C89+'C.R Sem. 2025'!C107+'C.R Sem. 2025'!C116 -> 657 | D15: ='C.R Sem. 2025'!D80+'C.R Sem. 2025'!D89+'C.R Sem. 2025'!D107+'C.R Sem. 2025'!D116 -> 0 | E15: ='C.R Sem. 2025'!E80+'C.R Sem. 2025'!E89+'C.R Sem. 2025'!E107+'C.R Sem. 2025'!E116 -> 0 | F15: ='C.R Sem. 2025'!F80+'C.R Sem. 2025'!F89+'C.R Sem. 2025'!F107+'C.R Sem. 2025'!F116 -> 0 | G15: ='C.R Sem. 2025'!G80+'C.R Sem. 2025'!G89+'C.R Sem. 2025'!G107+'C.R Sem. 2025'!G116 -> 0 | H15: ='C.R Sem. 2025'!H80+'C.R Sem. 2025'!H89+'C.R Sem. 2025'!H107+'C.R Sem. 2025'!H116 -> 0 | I15: ='C.R Sem. 2025'!I80+'C.R Sem. 2025'!I89+'C.R Sem. 2025'!I107+'C.R Sem. 2025'!I116 -> 550 | J15: ='C.R Sem. 2025'!J80+'C.R Sem. 2025'!J89+'C.R Sem. 2025'!J107+'C.R Sem. 2025'!J116 -> 558
B16: Nbre d'ent. ouvert | C16: =SUM('C.R Sem. 2025'!C82+'C.R Sem. 2025'!C91+'C.R Sem. 2025'!C100+'C.R Sem. 2025'!C109) -> 547 | D16: =SUM('C.R Sem. 2025'!D82+'C.R Sem. 2025'!D91+'C.R Sem. 2025'!D100+'C.R Sem. 2025'!D109) -> 0 | E16: =SUM('C.R Sem. 2025'!E82+'C.R Sem. 2025'!E91+'C.R Sem. 2025'!E100+'C.R Sem. 2025'!E109) -> 0 | F16: =SUM('C.R Sem. 2025'!F82+'C.R Sem. 2025'!F91+'C.R Sem. 2025'!F100+'C.R Sem. 2025'!F109) -> 0 | G16: =SUM('C.R Sem. 2025'!G82+'C.R Sem. 2025'!G91+'C.R Sem. 2025'!G100+'C.R Sem. 2025'!G109) -> 0 | H16: =SUM('C.R Sem. 2025'!H82+'C.R Sem. 2025'!H91+'C.R Sem. 2025'!H100+'C.R Sem. 2025'!H109) -> 0 | I16: =SUM('C.R Sem. 2025'!I82+'C.R Sem. 2025'!I91+'C.R Sem. 2025'!I100+'C.R Sem. 2025'!I109) -> 485 | J16: =SUM('C.R Sem. 2025'!J82+'C.R Sem. 2025'!J91+'C.R Sem. 2025'!J100+'C.R Sem. 2025'!J109) -> 423
A17: Avril | B17: Oui | C17: =SUM('C.R Sem. 2025'!C110+'C.R Sem. 2025'!C119+'C.R Sem. 2025'!C128+'C.R Sem. 2025'!C137+'C.R Sem. 2025'!C146) -> 20 | D17: =SUM('C.R Sem. 2025'!D110+'C.R Sem. 2025'!D119+'C.R Sem. 2025'!D128+'C.R Sem. 2025'!D137+'C.R Sem. 2025'!D146) -> 0 | E17: =SUM('C.R Sem. 2025'!E110+'C.R Sem. 2025'!E119+'C.R Sem. 2025'!E128+'C.R Sem. 2025'!E137+'C.R Sem. 2025'!E146) -> 0 | F17: =SUM('C.R Sem. 2025'!F110+'C.R Sem. 2025'!F119+'C.R Sem. 2025'!F128+'C.R Sem. 2025'!F137+'C.R Sem. 2025'!F146) -> 0 | G17: =SUM('C.R Sem. 2025'!G110+'C.R Sem. 2025'!G119+'C.R Sem. 2025'!G128+'C.R Sem. 2025'!G137+'C.R Sem. 2025'!G146) -> 0 | H17: =SUM('C.R Sem. 2025'!H110+'C.R Sem. 2025'!H119+'C.R Sem. 2025'!H128+'C.R Sem. 2025'!H137+'C.R Sem. 2025'!H146) -> 0 | I17: =SUM('C.R Sem. 2025'!I110+'C.R Sem. 2025'!I119+'C.R Sem. 2025'!I128+'C.R Sem. 2025'!I137+'C.R Sem. 2025'!I146) -> 7 | J17: =SUM('C.R Sem. 2025'!J110+'C.R Sem. 2025'!J119+'C.R Sem. 2025'!J128+'C.R Sem. 2025'!J137+'C.R Sem. 2025'!J146) -> 8 | K17: =SUM(C17:J17) -> 35 | L17: Nouveaux contrats
B18: À réfléchir | C18: =SUM('C.R Sem. 2025'!C113+'C.R Sem. 2025'!C122+'C.R Sem. 2025'!C131+'C.R Sem. 2025'!C140+'C.R Sem. 2025'!C149) -> 48 | D18: =SUM('C.R Sem. 2025'!D113+'C.R Sem. 2025'!D122+'C.R Sem. 2025'!D131+'C.R Sem. 2025'!D140+'C.R Sem. 2025'!D149) -> 0 | E18: =SUM('C.R Sem. 2025'!E113+'C.R Sem. 2025'!E122+'C.R Sem. 2025'!E131+'C.R Sem. 2025'!E140+'C.R Sem. 2025'!E149) -> 0 | F18: =SUM('C.R Sem. 2025'!F113+'C.R Sem. 2025'!F122+'C.R Sem. 2025'!F131+'C.R Sem. 2025'!F140+'C.R Sem. 2025'!F149) -> 0 | G18: =SUM('C.R Sem. 2025'!G113+'C.R Sem. 2025'!G122+'C.R Sem. 2025'!G131+'C.R Sem. 2025'!G140+'C.R Sem. 2025'!G149) -> 0 | H18: =SUM('C.R Sem. 2025'!H113+'C.R Sem. 2025'!H122+'C.R Sem. 2025'!H131+'C.R Sem. 2025'!H140+'C.R Sem. 2025'!H149) -> 0 | I18: =SUM('C.R Sem. 2025'!I113+'C.R Sem. 2025'!I122+'C.R Sem. 2025'!I131+'C.R Sem. 2025'!I140+'C.R Sem. 2025'!I149) -> 20 | J18: =SUM('C.R Sem. 2025'!J113+'C.R Sem. 2025'!J122+'C.R Sem. 2025'!J131+'C.R Sem. 2025'!J140+'C.R Sem. 2025'!J149) -> 39
B19: Total d'appel | C19: =SUM('C.R Sem. 2025'!C115+'C.R Sem. 2025'!C124+'C.R Sem. 2025'!C133+'C.R Sem. 2025'!C142+'C.R Sem. 2025'!C151) -> 376 | D19: =SUM('C.R Sem. 2025'!D115+'C.R Sem. 2025'!D124+'C.R Sem. 2025'!D133+'C.R Sem. 2025'!D142+'C.R Sem. 2025'!D151) -> 0 | E19: =SUM('C.R Sem. 2025'!E115+'C.R Sem. 2025'!E124+'C.R Sem. 2025'!E133+'C.R Sem. 2025'!E142+'C.R Sem. 2025'!E151) -> 0 | F19: =SUM('C.R Sem. 2025'!F115+'C.R Sem. 2025'!F124+'C.R Sem. 2025'!F133+'C.R Sem. 2025'!F142+'C.R Sem. 2025'!F151) -> 0 | G19: =SUM('C.R Sem. 2025'!G115+'C.R Sem. 2025'!G124+'C.R Sem. 2025'!G133+'C.R Sem. 2025'!G142+'C.R Sem. 2025'!G151) -> 0 | H19: =SUM('C.R Sem. 2025'!H115+'C.R Sem. 2025'!H124+'C.R Sem. 2025'!H133+'C.R Sem. 2025'!H142+'C.R Sem. 2025'!H151) -> 0 | I19: =SUM('C.R Sem. 2025'!I115+'C.R Sem. 2025'!I124+'C.R Sem. 2025'!I133+'C.R Sem. 2025'!I142+'C.R Sem. 2025'!I151) -> 517 | J19: =SUM('C.R Sem. 2025'!J115+'C.R Sem. 2025'!J124+'C.R Sem. 2025'!J133+'C.R Sem. 2025'!J142+'C.R Sem. 2025'!J151) -> 439
B20: Total trier | C20: =SUM('C.R Sem. 2025'!C116+'C.R Sem. 2025'!C125+'C.R Sem. 2025'!C134+'C.R Sem. 2025'!C143+'C.R Sem. 2025'!C152) -> 624 | D20: =SUM('C.R Sem. 2025'!D116+'C.R Sem. 2025'!D125+'C.R Sem. 2025'!D134+'C.R Sem. 2025'!D143+'C.R Sem. 2025'!D152) -> 0 | E20: =SUM('C.R Sem. 2025'!E116+'C.R Sem. 2025'!E125+'C.R Sem. 2025'!E134+'C.R Sem. 2025'!E143+'C.R Sem. 2025'!E152) -> 0 | F20: =SUM('C.R Sem. 2025'!F116+'C.R Sem. 2025'!F125+'C.R Sem. 2025'!F134+'C.R Sem. 2025'!F143+'C.R Sem. 2025'!F152) -> 0 | G20: =SUM('C.R Sem. 2025'!G116+'C.R Sem. 2025'!G125+'C.R Sem. 2025'!G134+'C.R Sem. 2025'!G143+'C.R Sem. 2025'!G152) -> 0 | H20: =SUM('C.R Sem. 2025'!H116+'C.R Sem. 2025'!H125+'C.R Sem. 2025'!H134+'C.R Sem. 2025'!H143+'C.R Sem. 2025'!H152) -> 0 | I20: =SUM('C.R Sem. 2025'!I116+'C.R Sem. 2025'!I125+'C.R Sem. 2025'!I134+'C.R Sem. 2025'!I143+'C.R Sem. 2025'!I152) -> 566 | J20: =SUM('C.R Sem. 2025'!J116+'C.R Sem. 2025'!J125+'C.R Sem. 2025'!J134+'C.R Sem. 2025'!J143+'C.R Sem. 2025'!J152) -> 544
B21: Nbre d'ent. ouvert | C21: =SUM('C.R Sem. 2025'!C118+'C.R Sem. 2025'!C127+'C.R Sem. 2025'!C136+'C.R Sem. 2025'!C145+'C.R Sem. 2025'!C154) -> 605 | D21: =SUM('C.R Sem. 2025'!D118+'C.R Sem. 2025'!D127+'C.R Sem. 2025'!D136+'C.R Sem. 2025'!D145+'C.R Sem. 2025'!D154) -> 0 | E21: =SUM('C.R Sem. 2025'!E118+'C.R Sem. 2025'!E127+'C.R Sem. 2025'!E136+'C.R Sem. 2025'!E145+'C.R Sem. 2025'!E154) -> 0 | F21: =SUM('C.R Sem. 2025'!F118+'C.R Sem. 2025'!F127+'C.R Sem. 2025'!F136+'C.R Sem. 2025'!F145+'C.R Sem. 2025'!F154) -> 0 | G21: =SUM('C.R Sem. 2025'!G118+'C.R Sem. 2025'!G127+'C.R Sem. 2025'!G136+'C.R Sem. 2025'!G145+'C.R Sem. 2025'!G154) -> 0 | H21: =SUM('C.R Sem. 2025'!H118+'C.R Sem. 2025'!H127+'C.R Sem. 2025'!H136+'C.R Sem. 2025'!H145+'C.R Sem. 2025'!H154) -> 0 | I21: =SUM('C.R Sem. 2025'!I118+'C.R Sem. 2025'!I127+'C.R Sem. 2025'!I136+'C.R Sem. 2025'!I145+'C.R Sem. 2025'!I154) -> 396 | J21: =SUM('C.R Sem. 2025'!J118+'C.R Sem. 2025'!J127+'C.R Sem. 2025'!J136+'C.R Sem. 2025'!J145+'C.R Sem. 2025'!J154) -> 517
A22: Mai | B22: Oui | C22: =SUM('C.R Sem. 2025'!C155+'C.R Sem. 2025'!C164+'C.R Sem. 2025'!C173+'C.R Sem. 2025'!C182) -> 28 | D22: =SUM('C.R Sem. 2025'!D155+'C.R Sem. 2025'!D164+'C.R Sem. 2025'!D173+'C.R Sem. 2025'!D182) -> 0 | E22: =SUM('C.R Sem. 2025'!E155+'C.R Sem. 2025'!E164+'C.R Sem. 2025'!E173+'C.R Sem. 2025'!E182) -> 0 | F22: =SUM('C.R Sem. 2025'!F155+'C.R Sem. 2025'!F164+'C.R Sem. 2025'!F173+'C.R Sem. 2025'!F182) -> 0 | G22: =SUM('C.R Sem. 2025'!G155+'C.R Sem. 2025'!G164+'C.R Sem. 2025'!G173+'C.R Sem. 2025'!G182) -> 0 | H22: =SUM('C.R Sem. 2025'!H155+'C.R Sem. 2025'!H164+'C.R Sem. 2025'!H173+'C.R Sem. 2025'!H182) -> 0 | I22: =SUM('C.R Sem. 2025'!I155+'C.R Sem. 2025'!I164+'C.R Sem. 2025'!I173+'C.R Sem. 2025'!I182) -> 17 | J22: =SUM('C.R Sem. 2025'!J155+'C.R Sem. 2025'!J164+'C.R Sem. 2025'!J173+'C.R Sem. 2025'!J182) -> 8 | K22: =SUM(C22:J22) -> 53 | L22: Nouveaux contrats
B23: À réfléchir | C23: =SUM('C.R Sem. 2025'!C158+'C.R Sem. 2025'!C176+'C.R Sem. 2025'!C185+'C.R Sem. 2025'!C195) -> 40 | D23: =SUM('C.R Sem. 2025'!D158+'C.R Sem. 2025'!D176+'C.R Sem. 2025'!D185+'C.R Sem. 2025'!D195) -> 0 | E23: =SUM('C.R Sem. 2025'!E158+'C.R Sem. 2025'!E176+'C.R Sem. 2025'!E185+'C.R Sem. 2025'!E195) -> 0 | F23: =SUM('C.R Sem. 2025'!F158+'C.R Sem. 2025'!F176+'C.R Sem. 2025'!F185+'C.R Sem. 2025'!F195) -> 0 | G23: =SUM('C.R Sem. 2025'!G158+'C.R Sem. 2025'!G176+'C.R Sem. 2025'!G185+'C.R Sem. 2025'!G195) -> 0 | H23: =SUM('C.R Sem. 2025'!H158+'C.R Sem. 2025'!H176+'C.R Sem. 2025'!H185+'C.R Sem. 2025'!H195) -> 0 | I23: =SUM('C.R Sem. 2025'!I158+'C.R Sem. 2025'!I176+'C.R Sem. 2025'!I185+'C.R Sem. 2025'!I195) -> 49 | J23: =SUM('C.R Sem. 2025'!J158+'C.R Sem. 2025'!J176+'C.R Sem. 2025'!J185+'C.R Sem. 2025'!J195) -> 33
B24: Total d'appel | C24: =SUM('C.R Sem. 2025'!C160+'C.R Sem. 2025'!C169+'C.R Sem. 2025'!C178+'C.R Sem. 2025'!C187) -> 145 | D24: =SUM('C.R Sem. 2025'!D160+'C.R Sem. 2025'!D169+'C.R Sem. 2025'!D178+'C.R Sem. 2025'!D187) -> 0 | E24: =SUM('C.R Sem. 2025'!E160+'C.R Sem. 2025'!E169+'C.R Sem. 2025'!E178+'C.R Sem. 2025'!E187) -> 0 | F24: =SUM('C.R Sem. 2025'!F160+'C.R Sem. 2025'!F169+'C.R Sem. 2025'!F178+'C.R Sem. 2025'!F187) -> 0 | G24: =SUM('C.R Sem. 2025'!G160+'C.R Sem. 2025'!G169+'C.R Sem. 2025'!G178+'C.R Sem. 2025'!G187) -> 0 | H24: =SUM('C.R Sem. 2025'!H160+'C.R Sem. 2025'!H169+'C.R Sem. 2025'!H178+'C.R Sem. 2025'!H187) -> 0 | I24: =SUM('C.R Sem. 2025'!I160+'C.R Sem. 2025'!I169+'C.R Sem. 2025'!I178+'C.R Sem. 2025'!I187) -> 277 | J24: =SUM('C.R Sem. 2025'!J160+'C.R Sem. 2025'!J169+'C.R Sem. 2025'!J178+'C.R Sem. 2025'!J187) -> 335
B25: Total trier | C25: =SUM('C.R Sem. 2025'!C161+'C.R Sem. 2025'!C170+'C.R Sem. 2025'!C179+'C.R Sem. 2025'!C188) -> 165 | D25: =SUM('C.R Sem. 2025'!D161+'C.R Sem. 2025'!D170+'C.R Sem. 2025'!D179+'C.R Sem. 2025'!D188) -> 0 | E25: =SUM('C.R Sem. 2025'!E161+'C.R Sem. 2025'!E170+'C.R Sem. 2025'!E179+'C.R Sem. 2025'!E188) -> 0 | F25: =SUM('C.R Sem. 2025'!F161+'C.R Sem. 2025'!F170+'C.R Sem. 2025'!F179+'C.R Sem. 2025'!F188) -> 0 | G25: =SUM('C.R Sem. 2025'!G161+'C.R Sem. 2025'!G170+'C.R Sem. 2025'!G179+'C.R Sem. 2025'!G188) -> 0 | H25: =SUM('C.R Sem. 2025'!H161+'C.R Sem. 2025'!H170+'C.R Sem. 2025'!H179+'C.R Sem. 2025'!H188) -> 0 | I25: =SUM('C.R Sem. 2025'!I161+'C.R Sem. 2025'!I170+'C.R Sem. 2025'!I179+'C.R Sem. 2025'!I188) -> 291 | J25: =SUM('C.R Sem. 2025'!J161+'C.R Sem. 2025'!J170+'C.R Sem. 2025'!J179+'C.R Sem. 2025'!J188) -> 364
B26: Nbre d'ent. ouvert | C26: =SUM('C.R Sem. 2025'!C163+'C.R Sem. 2025'!C172+'C.R Sem. 2025'!C181+'C.R Sem. 2025'!C190) -> 156 | D26: =SUM('C.R Sem. 2025'!D163+'C.R Sem. 2025'!D172+'C.R Sem. 2025'!D181+'C.R Sem. 2025'!D190) -> 0 | E26: =SUM('C.R Sem. 2025'!E163+'C.R Sem. 2025'!E172+'C.R Sem. 2025'!E181+'C.R Sem. 2025'!E190) -> 0 | F26: =SUM('C.R Sem. 2025'!F163+'C.R Sem. 2025'!F172+'C.R Sem. 2025'!F181+'C.R Sem. 2025'!F190) -> 0 | G26: =SUM('C.R Sem. 2025'!G163+'C.R Sem. 2025'!G172+'C.R Sem. 2025'!G181+'C.R Sem. 2025'!G190) -> 0 | H26: =SUM('C.R Sem. 2025'!H163+'C.R Sem. 2025'!H172+'C.R Sem. 2025'!H181+'C.R Sem. 2025'!H190) -> 0 | I26: =SUM('C.R Sem. 2025'!I163+'C.R Sem. 2025'!I172+'C.R Sem. 2025'!I181+'C.R Sem. 2025'!I190) -> 291 | J26: =SUM('C.R Sem. 2025'!J163+'C.R Sem. 2025'!J172+'C.R Sem. 2025'!J181+'C.R Sem. 2025'!J190) -> 341
A27: Juin | B27: Oui | C27: =SUM('C.R Sem. 2025'!C192+'C.R Sem. 2025'!C202+'C.R Sem. 2025'!C212+'C.R Sem. 2025'!C222) -> 27 | D27: =SUM('C.R Sem. 2025'!D192+'C.R Sem. 2025'!D202+'C.R Sem. 2025'!D212+'C.R Sem. 2025'!D222) -> 0 | E27: =SUM('C.R Sem. 2025'!E192+'C.R Sem. 2025'!E202+'C.R Sem. 2025'!E212+'C.R Sem. 2025'!E222) -> 0 | F27: =SUM('C.R Sem. 2025'!F192+'C.R Sem. 2025'!F202+'C.R Sem. 2025'!F212+'C.R Sem. 2025'!F222) -> 0 | G27: =SUM('C.R Sem. 2025'!G192+'C.R Sem. 2025'!G202+'C.R Sem. 2025'!G212+'C.R Sem. 2025'!G222) -> 0 | H27: =SUM('C.R Sem. 2025'!H192+'C.R Sem. 2025'!H202+'C.R Sem. 2025'!H212+'C.R Sem. 2025'!H222) -> 0 | I27: =SUM('C.R Sem. 2025'!I192+'C.R Sem. 2025'!I202+'C.R Sem. 2025'!I212+'C.R Sem. 2025'!I222) -> 4 | J27: =SUM('C.R Sem. 2025'!J192+'C.R Sem. 2025'!J202+'C.R Sem. 2025'!J212+'C.R Sem. 2025'!J222) -> 9 | K27: =SUM(C27:J27) -> 40 | L27: Nouveaux contrats
B28: À réfléchir | C28: =SUM('C.R Sem. 2025'!C195+'C.R Sem. 2025'!C205+'C.R Sem. 2025'!C215+'C.R Sem. 2025'!C225) -> 48 | D28: =SUM('C.R Sem. 2025'!D195+'C.R Sem. 2025'!D205+'C.R Sem. 2025'!D215+'C.R Sem. 2025'!D225) -> 0 | E28: =SUM('C.R Sem. 2025'!E195+'C.R Sem. 2025'!E205+'C.R Sem. 2025'!E215+'C.R Sem. 2025'!E225) -> 0 | F28: =SUM('C.R Sem. 2025'!F195+'C.R Sem. 2025'!F205+'C.R Sem. 2025'!F215+'C.R Sem. 2025'!F225) -> 0 | G28: =SUM('C.R Sem. 2025'!G195+'C.R Sem. 2025'!G205+'C.R Sem. 2025'!G215+'C.R Sem. 2025'!G225) -> 0 | H28: =SUM('C.R Sem. 2025'!H195+'C.R Sem. 2025'!H205+'C.R Sem. 2025'!H215+'C.R Sem. 2025'!H225) -> 0 | I28: =SUM('C.R Sem. 2025'!I195+'C.R Sem. 2025'!I205+'C.R Sem. 2025'!I215+'C.R Sem. 2025'!I225) -> 39 | J28: =SUM('C.R Sem. 2025'!J195+'C.R Sem. 2025'!J205+'C.R Sem. 2025'!J215+'C.R Sem. 2025'!J225) -> 26
B29: Total d'appel | C29: =SUM('C.R Sem. 2025'!C197+'C.R Sem. 2025'!C207+'C.R Sem. 2025'!C217+'C.R Sem. 2025'!C227) -> 252 | D29: =SUM('C.R Sem. 2025'!D197+'C.R Sem. 2025'!D207+'C.R Sem. 2025'!D217+'C.R Sem. 2025'!D227) -> 0 | E29: =SUM('C.R Sem. 2025'!E197+'C.R Sem. 2025'!E207+'C.R Sem. 2025'!E217+'C.R Sem. 2025'!E227) -> 0 | F29: =SUM('C.R Sem. 2025'!F197+'C.R Sem. 2025'!F207+'C.R Sem. 2025'!F217+'C.R Sem. 2025'!F227) -> 0 | G29: =SUM('C.R Sem. 2025'!G197+'C.R Sem. 2025'!G207+'C.R Sem. 2025'!G217+'C.R Sem. 2025'!G227) -> 0 | H29: =SUM('C.R Sem. 2025'!H197+'C.R Sem. 2025'!H207+'C.R Sem. 2025'!H217+'C.R Sem. 2025'!H227) -> 0 | I29: =SUM('C.R Sem. 2025'!I197+'C.R Sem. 2025'!I207+'C.R Sem. 2025'!I217+'C.R Sem. 2025'!I227) -> 347 | J29: =SUM('C.R Sem. 2025'!J197+'C.R Sem. 2025'!J207+'C.R Sem. 2025'!J217+'C.R Sem. 2025'!J227) -> 284
B30: Total trier | C30: =SUM('C.R Sem. 2025'!C198+'C.R Sem. 2025'!C208+'C.R Sem. 2025'!C218+'C.R Sem. 2025'!C228) -> 251 | D30: =SUM('C.R Sem. 2025'!D198+'C.R Sem. 2025'!D208+'C.R Sem. 2025'!D218+'C.R Sem. 2025'!D228) -> 0 | E30: =SUM('C.R Sem. 2025'!E198+'C.R Sem. 2025'!E208+'C.R Sem. 2025'!E218+'C.R Sem. 2025'!E228) -> 0 | F30: =SUM('C.R Sem. 2025'!F198+'C.R Sem. 2025'!F208+'C.R Sem. 2025'!F218+'C.R Sem. 2025'!F228) -> 0 | G30: =SUM('C.R Sem. 2025'!G198+'C.R Sem. 2025'!G208+'C.R Sem. 2025'!G218+'C.R Sem. 2025'!G228) -> 0 | H30: =SUM('C.R Sem. 2025'!H198+'C.R Sem. 2025'!H208+'C.R Sem. 2025'!H218+'C.R Sem. 2025'!H228) -> 0 | I30: =SUM('C.R Sem. 2025'!I198+'C.R Sem. 2025'!I208+'C.R Sem. 2025'!I218+'C.R Sem. 2025'!I228) -> 352 | J30: =SUM('C.R Sem. 2025'!J198+'C.R Sem. 2025'!J208+'C.R Sem. 2025'!J218+'C.R Sem. 2025'!J228) -> 224
B31: Nbre d'ent. ouvert | C31: =SUM('C.R Sem. 2025'!C200+'C.R Sem. 2025'!C210+'C.R Sem. 2025'!C220+'C.R Sem. 2025'!C230) -> 247 | D31: =SUM('C.R Sem. 2025'!D200+'C.R Sem. 2025'!D210+'C.R Sem. 2025'!D220+'C.R Sem. 2025'!D230) -> 0 | E31: =SUM('C.R Sem. 2025'!E200+'C.R Sem. 2025'!E210+'C.R Sem. 2025'!E220+'C.R Sem. 2025'!E230) -> 0 | F31: =SUM('C.R Sem. 2025'!F200+'C.R Sem. 2025'!F210+'C.R Sem. 2025'!F220+'C.R Sem. 2025'!F230) -> 0 | G31: =SUM('C.R Sem. 2025'!G200+'C.R Sem. 2025'!G210+'C.R Sem. 2025'!G220+'C.R Sem. 2025'!G230) -> 0 | H31: =SUM('C.R Sem. 2025'!H200+'C.R Sem. 2025'!H210+'C.R Sem. 2025'!H220+'C.R Sem. 2025'!H230) -> 0 | I31: =SUM('C.R Sem. 2025'!I200+'C.R Sem. 2025'!I210+'C.R Sem. 2025'!I220+'C.R Sem. 2025'!I230) -> 342 | J31: =SUM('C.R Sem. 2025'!J200+'C.R Sem. 2025'!J210+'C.R Sem. 2025'!J220+'C.R Sem. 2025'!J230) -> 204
A32: Juillet | B32: Oui | C32: =SUM('C.R Sem. 2025'!C232+'C.R Sem. 2025'!C242+'C.R Sem. 2025'!C252+'C.R Sem. 2025'!C262+'C.R Sem. 2025'!C272) -> 32 | D32: =SUM('C.R Sem. 2025'!D232+'C.R Sem. 2025'!D242+'C.R Sem. 2025'!D252+'C.R Sem. 2025'!D262+'C.R Sem. 2025'!D272) -> 0 | E32: =SUM('C.R Sem. 2025'!E232+'C.R Sem. 2025'!E242+'C.R Sem. 2025'!E252+'C.R Sem. 2025'!E262+'C.R Sem. 2025'!E272) -> 0 | F32: =SUM('C.R Sem. 2025'!F232+'C.R Sem. 2025'!F242+'C.R Sem. 2025'!F252+'C.R Sem. 2025'!F262+'C.R Sem. 2025'!F272) -> 0 | G32: =SUM('C.R Sem. 2025'!G232+'C.R Sem. 2025'!G242+'C.R Sem. 2025'!G252+'C.R Sem. 2025'!G262+'C.R Sem. 2025'!G272) -> 5 | H32: =SUM('C.R Sem. 2025'!H232+'C.R Sem. 2025'!H242+'C.R Sem. 2025'!H252+'C.R Sem. 2025'!H262+'C.R Sem. 2025'!H272) -> 17 | I32: =SUM('C.R Sem. 2025'!I232+'C.R Sem. 2025'!I242+'C.R Sem. 2025'!I252+'C.R Sem. 2025'!I262+'C.R Sem. 2025'!I272) -> 3 | J32: =SUM('C.R Sem. 2025'!J232+'C.R Sem. 2025'!J242+'C.R Sem. 2025'!J252+'C.R Sem. 2025'!J262+'C.R Sem. 2025'!J272) -> 4 | K32: =SUM(C32:J32) -> 61 | L32: Nouveaux contrats
B33: À réfléchir | C33: =SUM('C.R Sem. 2025'!C235,'C.R Sem. 2025'!C245,'C.R Sem. 2025'!C255,'C.R Sem. 2025'!C265,'C.R Sem. 2025'!C275) -> 32 | D33: =SUM('C.R Sem. 2025'!D235,'C.R Sem. 2025'!D245,'C.R Sem. 2025'!D255,'C.R Sem. 2025'!D265,'C.R Sem. 2025'!D275) -> 0 | E33: =SUM('C.R Sem. 2025'!E235,'C.R Sem. 2025'!E245,'C.R Sem. 2025'!E255,'C.R Sem. 2025'!E265,'C.R Sem. 2025'!E275) -> 0 | F33: =SUM('C.R Sem. 2025'!F235,'C.R Sem. 2025'!F245,'C.R Sem. 2025'!F255,'C.R Sem. 2025'!F265,'C.R Sem. 2025'!F275) -> 0 | G33: =SUM('C.R Sem. 2025'!G235,'C.R Sem. 2025'!G245,'C.R Sem. 2025'!G255,'C.R Sem. 2025'!G265,'C.R Sem. 2025'!G275) -> 3 | H33: =SUM('C.R Sem. 2025'!H235,'C.R Sem. 2025'!H245,'C.R Sem. 2025'!H255,'C.R Sem. 2025'!H265,'C.R Sem. 2025'!H275) -> 21 | I33: =SUM('C.R Sem. 2025'!I235,'C.R Sem. 2025'!I245,'C.R Sem. 2025'!I255,'C.R Sem. 2025'!I265,'C.R Sem. 2025'!I275) -> 20 | J33: =SUM('C.R Sem. 2025'!J235,'C.R Sem. 2025'!J245,'C.R Sem. 2025'!J255,'C.R Sem. 2025'!J265,'C.R Sem. 2025'!J275) -> 9
B34: Total d'appel | C34: =SUM('C.R Sem. 2025'!C237,'C.R Sem. 2025'!C247,'C.R Sem. 2025'!C257,'C.R Sem. 2025'!C267,'C.R Sem. 2025'!C277) -> 306 | D34: =SUM('C.R Sem. 2025'!D237,'C.R Sem. 2025'!D247,'C.R Sem. 2025'!D257,'C.R Sem. 2025'!D267,'C.R Sem. 2025'!D277) -> 0 | E34: =SUM('C.R Sem. 2025'!E237,'C.R Sem. 2025'!E247,'C.R Sem. 2025'!E257,'C.R Sem. 2025'!E267,'C.R Sem. 2025'!E277) -> 0 | F34: =SUM('C.R Sem. 2025'!F237,'C.R Sem. 2025'!F247,'C.R Sem. 2025'!F257,'C.R Sem. 2025'!F267,'C.R Sem. 2025'!F277) -> 0 | G34: =SUM('C.R Sem. 2025'!G237,'C.R Sem. 2025'!G247,'C.R Sem. 2025'!G257,'C.R Sem. 2025'!G267,'C.R Sem. 2025'!G277) -> 36 | H34: =SUM('C.R Sem. 2025'!H237,'C.R Sem. 2025'!H247,'C.R Sem. 2025'!H257,'C.R Sem. 2025'!H267,'C.R Sem. 2025'!H277) -> 194 | I34: =SUM('C.R Sem. 2025'!I237,'C.R Sem. 2025'!I247,'C.R Sem. 2025'!I257,'C.R Sem. 2025'!I267,'C.R Sem. 2025'!I277) -> 118 | J34: =SUM('C.R Sem. 2025'!J237,'C.R Sem. 2025'!J247,'C.R Sem. 2025'!J257,'C.R Sem. 2025'!J267,'C.R Sem. 2025'!J277) -> 113
B35: Total trier | C35: =SUM('C.R Sem. 2025'!C238,'C.R Sem. 2025'!C248,'C.R Sem. 2025'!C258,'C.R Sem. 2025'!C268,'C.R Sem. 2025'!C278) -> 298 | D35: =SUM('C.R Sem. 2025'!D238,'C.R Sem. 2025'!D248,'C.R Sem. 2025'!D258,'C.R Sem. 2025'!D268,'C.R Sem. 2025'!D278) -> 0 | E35: =SUM('C.R Sem. 2025'!E238,'C.R Sem. 2025'!E248,'C.R Sem. 2025'!E258,'C.R Sem. 2025'!E268,'C.R Sem. 2025'!E278) -> 0 | F35: =SUM('C.R Sem. 2025'!F238,'C.R Sem. 2025'!F248,'C.R Sem. 2025'!F258,'C.R Sem. 2025'!F268,'C.R Sem. 2025'!F278) -> 0 | G35: =SUM('C.R Sem. 2025'!G238,'C.R Sem. 2025'!G248,'C.R Sem. 2025'!G258,'C.R Sem. 2025'!G268,'C.R Sem. 2025'!G278) -> 0 | H35: =SUM('C.R Sem. 2025'!H238,'C.R Sem. 2025'!H248,'C.R Sem. 2025'!H258,'C.R Sem. 2025'!H268,'C.R Sem. 2025'!H278) -> 183 | I35: =SUM('C.R Sem. 2025'!I238,'C.R Sem. 2025'!I248,'C.R Sem. 2025'!I258,'C.R Sem. 2025'!I268,'C.R Sem. 2025'!I278) -> 118 | J35: =SUM('C.R Sem. 2025'!J238,'C.R Sem. 2025'!J248,'C.R Sem. 2025'!J258,'C.R Sem. 2025'!J268,'C.R Sem. 2025'!J278) -> 130
B36: Nbre d'ent. ouvert | C36: =SUM('C.R Sem. 2025'!C240,'C.R Sem. 2025'!C250,'C.R Sem. 2025'!C260,'C.R Sem. 2025'!C270,'C.R Sem. 2025'!C280) -> 296 | D36: =SUM('C.R Sem. 2025'!D240,'C.R Sem. 2025'!D250,'C.R Sem. 2025'!D260,'C.R Sem. 2025'!D270,'C.R Sem. 2025'!D280) -> 0 | E36: =SUM('C.R Sem. 2025'!E240,'C.R Sem. 2025'!E250,'C.R Sem. 2025'!E260,'C.R Sem. 2025'!E270,'C.R Sem. 2025'!E280) -> 0 | F36: =SUM('C.R Sem. 2025'!F240,'C.R Sem. 2025'!F250,'C.R Sem. 2025'!F260,'C.R Sem. 2025'!F270,'C.R Sem. 2025'!F280) -> 0 | G36: =SUM('C.R Sem. 2025'!G240,'C.R Sem. 2025'!G250,'C.R Sem. 2025'!G260,'C.R Sem. 2025'!G270,'C.R Sem. 2025'!G280) -> 0 | H36: =SUM('C.R Sem. 2025'!H240,'C.R Sem. 2025'!H250,'C.R Sem. 2025'!H260,'C.R Sem. 2025'!H270,'C.R Sem. 2025'!H280) -> 186 | I36: =SUM('C.R Sem. 2025'!I240,'C.R Sem. 2025'!I250,'C.R Sem. 2025'!I260,'C.R Sem. 2025'!I270,'C.R Sem. 2025'!I280) -> 118 | J36: =SUM('C.R Sem. 2025'!J240,'C.R Sem. 2025'!J250,'C.R Sem. 2025'!J260,'C.R Sem. 2025'!J270,'C.R Sem. 2025'!J280) -> 127
A37: Août | B37: Oui | C37: =SUM('C.R Sem. 2025'!C282,'C.R Sem. 2025'!C292,'C.R Sem. 2025'!C302,'C.R Sem. 2025'!C312) -> 33 | D37: =SUM('C.R Sem. 2025'!D282,'C.R Sem. 2025'!D292,'C.R Sem. 2025'!D302,'C.R Sem. 2025'!D312) -> 10 | E37: =SUM('C.R Sem. 2025'!E282,'C.R Sem. 2025'!E292,'C.R Sem. 2025'!E302,'C.R Sem. 2025'!E312) -> 3 | F37: =SUM('C.R Sem. 2025'!F282,'C.R Sem. 2025'!F292,'C.R Sem. 2025'!F302,'C.R Sem. 2025'!F312) -> 0 | G37: =SUM('C.R Sem. 2025'!G282,'C.R Sem. 2025'!G292,'C.R Sem. 2025'!G302,'C.R Sem. 2025'!G312) -> 16 | H37: =SUM('C.R Sem. 2025'!H282,'C.R Sem. 2025'!H292,'C.R Sem. 2025'!H302,'C.R Sem. 2025'!H312) -> 21 | I37: =SUM('C.R Sem. 2025'!I282,'C.R Sem. 2025'!I292,'C.R Sem. 2025'!I302,'C.R Sem. 2025'!I312) -> 0 | J37: =SUM('C.R Sem. 2025'!J282,'C.R Sem. 2025'!J292,'C.R Sem. 2025'!J302,'C.R Sem. 2025'!J312) -> 0 | K37: =SUM(C37:J37) -> 83
B38: À réfléchir | C38: =SUM('C.R Sem. 2025'!C285,'C.R Sem. 2025'!C295,'C.R Sem. 2025'!C305,'C.R Sem. 2025'!C315) -> 18 | D38: =SUM('C.R Sem. 2025'!D285,'C.R Sem. 2025'!D295,'C.R Sem. 2025'!D305,'C.R Sem. 2025'!D315) -> 28 | E38: =SUM('C.R Sem. 2025'!E285,'C.R Sem. 2025'!E295,'C.R Sem. 2025'!E305,'C.R Sem. 2025'!E315) -> 10 | F38: =SUM('C.R Sem. 2025'!F285,'C.R Sem. 2025'!F295,'C.R Sem. 2025'!F305,'C.R Sem. 2025'!F315) -> 0 | G38: =SUM('C.R Sem. 2025'!G285,'C.R Sem. 2025'!G295,'C.R Sem. 2025'!G305,'C.R Sem. 2025'!G315) -> 31 | H38: =SUM('C.R Sem. 2025'!H285,'C.R Sem. 2025'!H295,'C.R Sem. 2025'!H305,'C.R Sem. 2025'!H315) -> 66 | I38: =SUM('C.R Sem. 2025'!I285,'C.R Sem. 2025'!I295,'C.R Sem. 2025'!I305,'C.R Sem. 2025'!I315) -> 0 | J38: =SUM('C.R Sem. 2025'!J285,'C.R Sem. 2025'!J295,'C.R Sem. 2025'!J305,'C.R Sem. 2025'!J315) -> 0
B39: Total d'appel | C39: =SUM('C.R Sem. 2025'!C287,'C.R Sem. 2025'!C297,'C.R Sem. 2025'!C307,'C.R Sem. 2025'!C317) -> 170 | D39: =SUM('C.R Sem. 2025'!D287,'C.R Sem. 2025'!D297,'C.R Sem. 2025'!D307,'C.R Sem. 2025'!D317) -> 135 | E39: =SUM('C.R Sem. 2025'!E287,'C.R Sem. 2025'!E297,'C.R Sem. 2025'!E307,'C.R Sem. 2025'!E317) -> 45 | F39: =SUM('C.R Sem. 2025'!F287,'C.R Sem. 2025'!F297,'C.R Sem. 2025'!F307,'C.R Sem. 2025'!F317) -> 0 | G39: =SUM('C.R Sem. 2025'!G287,'C.R Sem. 2025'!G297,'C.R Sem. 2025'!G307,'C.R Sem. 2025'!G317) -> 317 | H39: =SUM('C.R Sem. 2025'!H287,'C.R Sem. 2025'!H297,'C.R Sem. 2025'!H307,'C.R Sem. 2025'!H317) -> 323 | I39: =SUM('C.R Sem. 2025'!I287,'C.R Sem. 2025'!I297,'C.R Sem. 2025'!I307,'C.R Sem. 2025'!I317) -> 0 | J39: =SUM('C.R Sem. 2025'!J287,'C.R Sem. 2025'!J297,'C.R Sem. 2025'!J307,'C.R Sem. 2025'!J317) -> 0
B40: Total trier | C40: =SUM('C.R Sem. 2025'!C288,'C.R Sem. 2025'!C298,'C.R Sem. 2025'!C308,'C.R Sem. 2025'!C318) -> 149 | D40: =SUM('C.R Sem. 2025'!D288,'C.R Sem. 2025'!D298,'C.R Sem. 2025'!D308,'C.R Sem. 2025'!D318) -> 80 | E40: =SUM('C.R Sem. 2025'!E288,'C.R Sem. 2025'!E298,'C.R Sem. 2025'!E308,'C.R Sem. 2025'!E318) -> 43 | F40: =SUM('C.R Sem. 2025'!F288,'C.R Sem. 2025'!F298,'C.R Sem. 2025'!F308,'C.R Sem. 2025'!F318) -> 0 | G40: =SUM('C.R Sem. 2025'!G288,'C.R Sem. 2025'!G298,'C.R Sem. 2025'!G308,'C.R Sem. 2025'!G318) -> 183 | H40: =SUM('C.R Sem. 2025'!H288,'C.R Sem. 2025'!H298,'C.R Sem. 2025'!H308,'C.R Sem. 2025'!H318) -> 310 | I40: =SUM('C.R Sem. 2025'!I288,'C.R Sem. 2025'!I298,'C.R Sem. 2025'!I308,'C.R Sem. 2025'!I318) -> 0 | J40: =SUM('C.R Sem. 2025'!J288,'C.R Sem. 2025'!J298,'C.R Sem. 2025'!J308,'C.R Sem. 2025'!J318) -> 0
B41: Nbre d'ent. ouvert | C41: =SUM('C.R Sem. 2025'!C290,'C.R Sem. 2025'!C300,'C.R Sem. 2025'!C310,'C.R Sem. 2025'!C320) -> 149 | D41: =SUM('C.R Sem. 2025'!D290,'C.R Sem. 2025'!D300,'C.R Sem. 2025'!D310,'C.R Sem. 2025'!D320) -> 80 | E41: =SUM('C.R Sem. 2025'!E290,'C.R Sem. 2025'!E300,'C.R Sem. 2025'!E310,'C.R Sem. 2025'!E320) -> 40 | F41: =SUM('C.R Sem. 2025'!F290,'C.R Sem. 2025'!F300,'C.R Sem. 2025'!F310,'C.R Sem. 2025'!F320) -> 0 | G41: =SUM('C.R Sem. 2025'!G290,'C.R Sem. 2025'!G300,'C.R Sem. 2025'!G310,'C.R Sem. 2025'!G320) -> 203 | H41: =SUM('C.R Sem. 2025'!H290,'C.R Sem. 2025'!H300,'C.R Sem. 2025'!H310,'C.R Sem. 2025'!H320) -> 307 | I41: =SUM('C.R Sem. 2025'!I290,'C.R Sem. 2025'!I300,'C.R Sem. 2025'!I310,'C.R Sem. 2025'!I320) -> 0 | J41: =SUM('C.R Sem. 2025'!J290,'C.R Sem. 2025'!J300,'C.R Sem. 2025'!J310,'C.R Sem. 2025'!J320) -> 0
A42: Septembre | B42: Oui | C42: =SUM('C.R Sem. 2025'!C322,'C.R Sem. 2025'!C332,'C.R Sem. 2025'!C342,'C.R Sem. 2025'!C352) -> 23 | D42: =SUM('C.R Sem. 2025'!D322,'C.R Sem. 2025'!D332,'C.R Sem. 2025'!D342,'C.R Sem. 2025'!D352) -> 16 | E42: =SUM('C.R Sem. 2025'!E322,'C.R Sem. 2025'!E332,'C.R Sem. 2025'!E342,'C.R Sem. 2025'!E352) -> 13 | F42: =SUM('C.R Sem. 2025'!F322,'C.R Sem. 2025'!F332,'C.R Sem. 2025'!F342,'C.R Sem. 2025'!F352) -> 3 | G42: =SUM('C.R Sem. 2025'!G322,'C.R Sem. 2025'!G332,'C.R Sem. 2025'!G342,'C.R Sem. 2025'!G352) -> 22 | H42: =SUM('C.R Sem. 2025'!H322,'C.R Sem. 2025'!H332,'C.R Sem. 2025'!H342,'C.R Sem. 2025'!H352) -> 14 | I42: =SUM('C.R Sem. 2025'!I322,'C.R Sem. 2025'!I332,'C.R Sem. 2025'!I342,'C.R Sem. 2025'!I352) -> 0 | J42: =SUM('C.R Sem. 2025'!J322,'C.R Sem. 2025'!J332,'C.R Sem. 2025'!J342,'C.R Sem. 2025'!J352) -> 0 | K42: =SUM(C42:J42) -> 91
B43: À réfléchir | C43: =SUM('C.R Sem. 2025'!C325,'C.R Sem. 2025'!C335,'C.R Sem. 2025'!C345,'C.R Sem. 2025'!C355) -> 22 | D43: =SUM('C.R Sem. 2025'!D325,'C.R Sem. 2025'!D335,'C.R Sem. 2025'!D345,'C.R Sem. 2025'!D355) -> 54 | E43: =SUM('C.R Sem. 2025'!E325,'C.R Sem. 2025'!E335,'C.R Sem. 2025'!E345,'C.R Sem. 2025'!E355) -> 49 | F43: =SUM('C.R Sem. 2025'!F325,'C.R Sem. 2025'!F335,'C.R Sem. 2025'!F345,'C.R Sem. 2025'!F355) -> 19 | G43: =SUM('C.R Sem. 2025'!G325,'C.R Sem. 2025'!G335,'C.R Sem. 2025'!G345,'C.R Sem. 2025'!G355) -> 69 | H43: =SUM('C.R Sem. 2025'!H325,'C.R Sem. 2025'!H335,'C.R Sem. 2025'!H345,'C.R Sem. 2025'!H355) -> 43 | I43: =SUM('C.R Sem. 2025'!I325,'C.R Sem. 2025'!I335,'C.R Sem. 2025'!I345,'C.R Sem. 2025'!I355) -> 0 | J43: =SUM('C.R Sem. 2025'!J325,'C.R Sem. 2025'!J335,'C.R Sem. 2025'!J345,'C.R Sem. 2025'!J355) -> 0
B44: Total d'appel | C44: =SUM('C.R Sem. 2025'!C327,'C.R Sem. 2025'!C337,'C.R Sem. 2025'!C347,'C.R Sem. 2025'!C357) -> 149 | D44: =SUM('C.R Sem. 2025'!D327,'C.R Sem. 2025'!D337,'C.R Sem. 2025'!D347,'C.R Sem. 2025'!D357) -> 335 | E44: =SUM('C.R Sem. 2025'!E327,'C.R Sem. 2025'!E337,'C.R Sem. 2025'!E347,'C.R Sem. 2025'!E357) -> 333 | F44: =SUM('C.R Sem. 2025'!F327,'C.R Sem. 2025'!F337,'C.R Sem. 2025'!F347,'C.R Sem. 2025'!F357) -> 150 | G44: =SUM('C.R Sem. 2025'!G327,'C.R Sem. 2025'!G337,'C.R Sem. 2025'!G347,'C.R Sem. 2025'!G357) -> 291 | H44: =SUM('C.R Sem. 2025'!H327,'C.R Sem. 2025'!H337,'C.R Sem. 2025'!H347,'C.R Sem. 2025'!H357) -> 230 | I44: =SUM('C.R Sem. 2025'!I327,'C.R Sem. 2025'!I337,'C.R Sem. 2025'!I347,'C.R Sem. 2025'!I357) -> 0 | J44: =SUM('C.R Sem. 2025'!J327,'C.R Sem. 2025'!J337,'C.R Sem. 2025'!J347,'C.R Sem. 2025'!J357) -> 0
B45: Total trier | C45: =SUM('C.R Sem. 2025'!C328,'C.R Sem. 2025'!C338,'C.R Sem. 2025'!C348,'C.R Sem. 2025'!C358) -> 129 | D45: =SUM('C.R Sem. 2025'!D328,'C.R Sem. 2025'!D338,'C.R Sem. 2025'!D348,'C.R Sem. 2025'!D358) -> 239 | E45: =SUM('C.R Sem. 2025'!E328,'C.R Sem. 2025'!E338,'C.R Sem. 2025'!E348,'C.R Sem. 2025'!E358) -> 239 | F45: =SUM('C.R Sem. 2025'!F328,'C.R Sem. 2025'!F338,'C.R Sem. 2025'!F348,'C.R Sem. 2025'!F358) -> 148 | G45: =SUM('C.R Sem. 2025'!G328,'C.R Sem. 2025'!G338,'C.R Sem. 2025'!G348,'C.R Sem. 2025'!G358) -> 276 | H45: =SUM('C.R Sem. 2025'!H328,'C.R Sem. 2025'!H338,'C.R Sem. 2025'!H348,'C.R Sem. 2025'!H358) -> 225 | I45: =SUM('C.R Sem. 2025'!I328,'C.R Sem. 2025'!I338,'C.R Sem. 2025'!I348,'C.R Sem. 2025'!I358) -> 0 | J45: =SUM('C.R Sem. 2025'!J328,'C.R Sem. 2025'!J338,'C.R Sem. 2025'!J348,'C.R Sem. 2025'!J358) -> 0
B46: Nbre d'ent. ouvert | C46: =SUM('C.R Sem. 2025'!C330,'C.R Sem. 2025'!C340,'C.R Sem. 2025'!C350,'C.R Sem. 2025'!C360) -> 101 | D46: =SUM('C.R Sem. 2025'!D330,'C.R Sem. 2025'!D340,'C.R Sem. 2025'!D350,'C.R Sem. 2025'!D360) -> 240 | E46: =SUM('C.R Sem. 2025'!E330,'C.R Sem. 2025'!E340,'C.R Sem. 2025'!E350,'C.R Sem. 2025'!E360) -> 237 | F46: =SUM('C.R Sem. 2025'!F330,'C.R Sem. 2025'!F340,'C.R Sem. 2025'!F350,'C.R Sem. 2025'!F360) -> 140 | G46: =SUM('C.R Sem. 2025'!G330,'C.R Sem. 2025'!G340,'C.R Sem. 2025'!G350,'C.R Sem. 2025'!G360) -> 196 | H46: =SUM('C.R Sem. 2025'!H330,'C.R Sem. 2025'!H340,'C.R Sem. 2025'!H350,'C.R Sem. 2025'!H360) -> 149 | I46: =SUM('C.R Sem. 2025'!I330,'C.R Sem. 2025'!I340,'C.R Sem. 2025'!I350,'C.R Sem. 2025'!I360) -> 0 | J46: =SUM('C.R Sem. 2025'!J330,'C.R Sem. 2025'!J340,'C.R Sem. 2025'!J350,'C.R Sem. 2025'!J360) -> 0
A47: Octobre | B47: Oui | C47: =SUM('C.R Sem. 2025'!C362,'C.R Sem. 2025'!C372,'C.R Sem. 2025'!C382,'C.R Sem. 2025'!C392,'C.R Sem. 2025'!C402) -> 30 | D47: =SUM('C.R Sem. 2025'!D362,'C.R Sem. 2025'!D372,'C.R Sem. 2025'!D382,'C.R Sem. 2025'!D392,'C.R Sem. 2025'!D402) -> 24 | E47: =SUM('C.R Sem. 2025'!E362,'C.R Sem. 2025'!E372,'C.R Sem. 2025'!E382,'C.R Sem. 2025'!E392,'C.R Sem. 2025'!E402) -> 22 | F47: =SUM('C.R Sem. 2025'!F362,'C.R Sem. 2025'!F372,'C.R Sem. 2025'!F382,'C.R Sem. 2025'!F392,'C.R Sem. 2025'!F402) -> 0 | G47: =SUM('C.R Sem. 2025'!G362,'C.R Sem. 2025'!G372,'C.R Sem. 2025'!G382,'C.R Sem. 2025'!G392,'C.R Sem. 2025'!G402) -> 9 | K47: =SUM(C47:J47) -> 85
B48: À réfléchir | C48: =SUM('C.R Sem. 2025'!C405,'C.R Sem. 2025'!C395,'C.R Sem. 2025'!C385,'C.R Sem. 2025'!C375,'C.R Sem. 2025'!C365) -> 12 | D48: =SUM('C.R Sem. 2025'!D405,'C.R Sem. 2025'!D395,'C.R Sem. 2025'!D385,'C.R Sem. 2025'!D375,'C.R Sem. 2025'!D365) -> 43 | E48: =SUM('C.R Sem. 2025'!E405,'C.R Sem. 2025'!E395,'C.R Sem. 2025'!E385,'C.R Sem. 2025'!E375,'C.R Sem. 2025'!E365) -> 59 | F48: =SUM('C.R Sem. 2025'!F405,'C.R Sem. 2025'!F395,'C.R Sem. 2025'!F385,'C.R Sem. 2025'!F375,'C.R Sem. 2025'!F365) -> 0 | G48: =SUM('C.R Sem. 2025'!G405,'C.R Sem. 2025'!G395,'C.R Sem. 2025'!G385,'C.R Sem. 2025'!G375,'C.R Sem. 2025'!G365) -> 19
B49: Total d'appel | C49: =SUM('C.R Sem. 2025'!C407,'C.R Sem. 2025'!C397,'C.R Sem. 2025'!C387,'C.R Sem. 2025'!C377,'C.R Sem. 2025'!C367) -> 76 | D49: =SUM('C.R Sem. 2025'!D407,'C.R Sem. 2025'!D397,'C.R Sem. 2025'!D387,'C.R Sem. 2025'!D377,'C.R Sem. 2025'!D367) -> 377 | E49: =SUM('C.R Sem. 2025'!E407,'C.R Sem. 2025'!E397,'C.R Sem. 2025'!E387,'C.R Sem. 2025'!E377,'C.R Sem. 2025'!E367) -> 319 | F49: =SUM('C.R Sem. 2025'!F407,'C.R Sem. 2025'!F397,'C.R Sem. 2025'!F387,'C.R Sem. 2025'!F377,'C.R Sem. 2025'!F367) -> 0 | G49: =SUM('C.R Sem. 2025'!G407,'C.R Sem. 2025'!G397,'C.R Sem. 2025'!G387,'C.R Sem. 2025'!G377,'C.R Sem. 2025'!G367) -> 88
B50: Total trier | C50: =SUM('C.R Sem. 2025'!C368,'C.R Sem. 2025'!C378,'C.R Sem. 2025'!C388,'C.R Sem. 2025'!C398,'C.R Sem. 2025'!C408) -> 56 | D50: =SUM('C.R Sem. 2025'!D368,'C.R Sem. 2025'!D378,'C.R Sem. 2025'!D388,'C.R Sem. 2025'!D398,'C.R Sem. 2025'!D408) -> 342 | E50: =SUM('C.R Sem. 2025'!E368,'C.R Sem. 2025'!E378,'C.R Sem. 2025'!E388,'C.R Sem. 2025'!E398,'C.R Sem. 2025'!E408) -> 286 | F50: =SUM('C.R Sem. 2025'!F368,'C.R Sem. 2025'!F378,'C.R Sem. 2025'!F388,'C.R Sem. 2025'!F398,'C.R Sem. 2025'!F408) -> 0 | G50: =SUM('C.R Sem. 2025'!G368,'C.R Sem. 2025'!G378,'C.R Sem. 2025'!G388,'C.R Sem. 2025'!G398,'C.R Sem. 2025'!G408) -> 88
B51: Nbre d'ent. ouvert | C51: =SUM('C.R Sem. 2025'!C410,'C.R Sem. 2025'!C400,'C.R Sem. 2025'!C390,'C.R Sem. 2025'!C380,'C.R Sem. 2025'!C370) -> 55 | D51: =SUM('C.R Sem. 2025'!D410,'C.R Sem. 2025'!D400,'C.R Sem. 2025'!D390,'C.R Sem. 2025'!D380,'C.R Sem. 2025'!D370) -> 342 | E51: =SUM('C.R Sem. 2025'!E410,'C.R Sem. 2025'!E400,'C.R Sem. 2025'!E390,'C.R Sem. 2025'!E380,'C.R Sem. 2025'!E370) -> 284 | F51: =SUM('C.R Sem. 2025'!F410,'C.R Sem. 2025'!F400,'C.R Sem. 2025'!F390,'C.R Sem. 2025'!F380,'C.R Sem. 2025'!F370) -> 0 | G51: =SUM('C.R Sem. 2025'!G410,'C.R Sem. 2025'!G400,'C.R Sem. 2025'!G390,'C.R Sem. 2025'!G380,'C.R Sem. 2025'!G370) -> 88
A52: Novembre | B52: Oui | C52: =SUM('C.R Sem. 2025'!C442,'C.R Sem. 2025'!C432,'C.R Sem. 2025'!C422,'C.R Sem. 2025'!C412) -> 13 | D52: =SUM('C.R Sem. 2025'!D442,'C.R Sem. 2025'!D432,'C.R Sem. 2025'!D422,'C.R Sem. 2025'!D412) -> 10 | E52: =SUM('C.R Sem. 2025'!E442,'C.R Sem. 2025'!E432,'C.R Sem. 2025'!E422,'C.R Sem. 2025'!E412) -> 11 | F52: =SUM('C.R Sem. 2025'!F442,'C.R Sem. 2025'!F432,'C.R Sem. 2025'!F422,'C.R Sem. 2025'!F412) -> 0 | K52: =SUM(C52:J52) -> 34
B53: À réfléchir | C53: =SUM('C.R Sem. 2025'!C415,'C.R Sem. 2025'!C425,'C.R Sem. 2025'!C435,'C.R Sem. 2025'!C445) -> 16 | D53: =SUM('C.R Sem. 2025'!D415,'C.R Sem. 2025'!D425,'C.R Sem. 2025'!D435,'C.R Sem. 2025'!D445) -> 21 | E53: =SUM('C.R Sem. 2025'!E415,'C.R Sem. 2025'!E425,'C.R Sem. 2025'!E435,'C.R Sem. 2025'!E445) -> 35 | F53: =SUM('C.R Sem. 2025'!F415,'C.R Sem. 2025'!F425,'C.R Sem. 2025'!F435,'C.R Sem. 2025'!F445) -> 0
B54: Total d'appel | C54: =SUM('C.R Sem. 2025'!C447,'C.R Sem. 2025'!C437,'C.R Sem. 2025'!C427,'C.R Sem. 2025'!C417) -> 77 | D54: =SUM('C.R Sem. 2025'!D447,'C.R Sem. 2025'!D437,'C.R Sem. 2025'!D427,'C.R Sem. 2025'!D417) -> 196 | E54: =SUM('C.R Sem. 2025'!E447,'C.R Sem. 2025'!E437,'C.R Sem. 2025'!E427,'C.R Sem. 2025'!E417) -> 172 | F54: =SUM('C.R Sem. 2025'!F447,'C.R Sem. 2025'!F437,'C.R Sem. 2025'!F427,'C.R Sem. 2025'!F417) -> 0
B55: Total trier | C55: =SUM('C.R Sem. 2025'!C418,'C.R Sem. 2025'!C428,'C.R Sem. 2025'!C438,'C.R Sem. 2025'!C448) -> 66 | D55: =SUM('C.R Sem. 2025'!D418,'C.R Sem. 2025'!D428,'C.R Sem. 2025'!D438,'C.R Sem. 2025'!D448) -> 176 | E55: =SUM('C.R Sem. 2025'!E418,'C.R Sem. 2025'!E428,'C.R Sem. 2025'!E438,'C.R Sem. 2025'!E448) -> 153 | F55: =SUM('C.R Sem. 2025'!F418,'C.R Sem. 2025'!F428,'C.R Sem. 2025'!F438,'C.R Sem. 2025'!F448) -> 0
B56: Nbre d'ent. ouvert | C56: =SUM('C.R Sem. 2025'!C450,'C.R Sem. 2025'!C440,'C.R Sem. 2025'!C430,'C.R Sem. 2025'!C420) -> 65 | D56: =SUM('C.R Sem. 2025'!D450,'C.R Sem. 2025'!D440,'C.R Sem. 2025'!D430,'C.R Sem. 2025'!D420) -> 156 | E56: =SUM('C.R Sem. 2025'!E450,'C.R Sem. 2025'!E440,'C.R Sem. 2025'!E430,'C.R Sem. 2025'!E420) -> 127 | F56: =SUM('C.R Sem. 2025'!F450,'C.R Sem. 2025'!F440,'C.R Sem. 2025'!F430,'C.R Sem. 2025'!F420) -> 39
A57: Décembre | B57: Oui | C57: =SUM('C.R Sem. 2025'!C452,'C.R Sem. 2025'!C462,'C.R Sem. 2025'!C472,'C.R Sem. 2025'!C482,'C.R Sem. 2025'!C492) -> 3 | D57: =SUM('C.R Sem. 2025'!D452,'C.R Sem. 2025'!D462,'C.R Sem. 2025'!D472,'C.R Sem. 2025'!D482,'C.R Sem. 2025'!D492) -> 5 | E57: =SUM('C.R Sem. 2025'!E452,'C.R Sem. 2025'!E462,'C.R Sem. 2025'!E472,'C.R Sem. 2025'!E482,'C.R Sem. 2025'!E492) -> 9 | F57: =SUM('C.R Sem. 2025'!F452,'C.R Sem. 2025'!F462,'C.R Sem. 2025'!F472,'C.R Sem. 2025'!F482,'C.R Sem. 2025'!F492) -> 0 | K57: =SUM(C57:F57) -> 17
B58: À réfléchir | C58: =SUM('C.R Sem. 2025'!C495,'C.R Sem. 2025'!C485,'C.R Sem. 2025'!C475,'C.R Sem. 2025'!C465,'C.R Sem. 2025'!C455) -> 1 | D58: =SUM('C.R Sem. 2025'!D495,'C.R Sem. 2025'!D485,'C.R Sem. 2025'!D475,'C.R Sem. 2025'!D465,'C.R Sem. 2025'!D455) -> 5 | E58: =SUM('C.R Sem. 2025'!E495,'C.R Sem. 2025'!E485,'C.R Sem. 2025'!E475,'C.R Sem. 2025'!E465,'C.R Sem. 2025'!E455) -> 29 | F58: =SUM('C.R Sem. 2025'!F495,'C.R Sem. 2025'!F485,'C.R Sem. 2025'!F475,'C.R Sem. 2025'!F465,'C.R Sem. 2025'!F455) -> 0
B59: Total d'appel | C59: =SUM('C.R Sem. 2025'!C457,'C.R Sem. 2025'!C467,'C.R Sem. 2025'!C477,'C.R Sem. 2025'!C487,'C.R Sem. 2025'!C497) -> 12 | D59: =SUM('C.R Sem. 2025'!D457,'C.R Sem. 2025'!D467,'C.R Sem. 2025'!D477,'C.R Sem. 2025'!D487,'C.R Sem. 2025'!D497) -> 71 | E59: =SUM('C.R Sem. 2025'!E457,'C.R Sem. 2025'!E467,'C.R Sem. 2025'!E477,'C.R Sem. 2025'!E487,'C.R Sem. 2025'!E497) -> 163 | F59: =SUM('C.R Sem. 2025'!F457,'C.R Sem. 2025'!F467,'C.R Sem. 2025'!F477,'C.R Sem. 2025'!F487,'C.R Sem. 2025'!F497) -> 0
B60: Total trier | C60: =SUM('C.R Sem. 2025'!C498,'C.R Sem. 2025'!C488,'C.R Sem. 2025'!C478,'C.R Sem. 2025'!C468,'C.R Sem. 2025'!C458) -> 11 | D60: =SUM('C.R Sem. 2025'!D498,'C.R Sem. 2025'!D488,'C.R Sem. 2025'!D478,'C.R Sem. 2025'!D468,'C.R Sem. 2025'!D458) -> 99 | E60: =SUM('C.R Sem. 2025'!E498,'C.R Sem. 2025'!E488,'C.R Sem. 2025'!E478,'C.R Sem. 2025'!E468,'C.R Sem. 2025'!E458) -> 46 | F60: =SUM('C.R Sem. 2025'!F498,'C.R Sem. 2025'!F488,'C.R Sem. 2025'!F478,'C.R Sem. 2025'!F468,'C.R Sem. 2025'!F458) -> 0
B61: Nbre d'ent. ouvert | C61: =SUM('C.R Sem. 2025'!C460,'C.R Sem. 2025'!C470,'C.R Sem. 2025'!C480,'C.R Sem. 2025'!C490,'C.R Sem. 2025'!C500) -> 11 | D61: =SUM('C.R Sem. 2025'!D460,'C.R Sem. 2025'!D470,'C.R Sem. 2025'!D480,'C.R Sem. 2025'!D490,'C.R Sem. 2025'!D500) -> 42 | E61: =SUM('C.R Sem. 2025'!E460,'C.R Sem. 2025'!E470,'C.R Sem. 2025'!E480,'C.R Sem. 2025'!E490,'C.R Sem. 2025'!E500) -> 49 | F61: =SUM('C.R Sem. 2025'!F460,'C.R Sem. 2025'!F470,'C.R Sem. 2025'!F480,'C.R Sem. 2025'!F490,'C.R Sem. 2025'!F500) -> 0
A62: 2025 | B62: GLOBAL OUI | C62: =SUM(C57,C52,C47,C42,C37,C32,C27,C22,C17,C12,C7,C2) -> 264 | D62: =SUM(D57,D52,D47,D42,D37,D32,D27,D22,D17,D12,D7,D2) -> 65 | E62: =SUM(E57,E52,E47,E42,E37,E32,E27,E22,E17,E12,E7,E2) -> 58 | F62: =SUM(F57,F52,F47,F42,F37,F32,F27,F22,F17,F12,F7,F2) -> 3 | G62: =SUM(G57,G52,G47,G42,G37,G32,G27,G22,G17,G12,G7,G2) -> 52 | H62: =SUM(H57,H52,H47,H42,H37,H32,H27,H22,H17,H12,H7,H2) -> 52 | I62: =SUM(I57,I52,I47,I42,I37,I32,I27,I22,I17,I12,I7,I2) -> 72 | J62: =SUM(J57,J52,J47,J42,J37,J32,J27,J22,J17,J12,J7,J2) -> 63 | K62: =SUM(K57,K52,K47,K42,K37,K32,K27,K22,K17,K12,K7,K2) -> 629

Sheet Suivi Terrain
A1: Commercial | B1: Date | C1: Heure de Rendez-vous | D1: Heure de départ du bureau | E1: Retour au bureau | F1: Heure de retour au bureau | G1: Heure de fin de journée/matinée | H1: Durée | I1: Raison | J1: Nombre de visite | K1: Entreprise visiter | L1: Compte Rendu
A2: Amanda | B2: 45810 | C2: 0.70833333 | D2: 0.69444444 | E2: Non | F2: - | G2: 0.70833333 | H2: =G2-D2 -> 0.013888889 | I2: Signature contrat + fin de contrat de Madame Anne-Laure Maillot | J2: 1 | K2: CHROME | L2: Documents signés.
A3: Brice | B3: 45810 | C3: - | D3: 0.625 | E3: Non | F3: - | G3: 0.66666667 | H3: =G3-D3 -> 0.041666667 | I3: Signature de document | J3: 1 | K3: MINISO DUPARC | L3: Reçu les coordonnées de la RH qui s'occupe de tout ça.
A4: Brice | B4: 45819 | C4: - | D4: 0.52083333 | E4: Non | F4: - | G4: 0.64583333 | H4: =G4-D4 -> 0.125 | I4: Prospection | J4: 5 | K4: ISHOP Ste Suzanne BIJOUTERIE CARA Ste Suzanne OCEANOR Ste Suzanne SAS EJD (Turbo reunion) Ste Suzanne SARL NLPG LOCATION Ste Suzanne | L4: - Visite avec Turbo concluant. (en attente retour) - Océanor reçu le mail de la rh vers qui s'adresser.
A5: Brice | B5: 45825 | C5: - | D5: 0.45833333 | E5: Oui | F5: 0.52083333 | G5: 0.5 | H5: =G5-D5 -> 0.041666667 | I5: Signature des documents commerciaux | J5: 1 | K5: TURBO Ste Suzanne | L5: Concluant - recherche 1 vendeur pour St Pierre
A6: Amanda | B6: 45825 | C6: 12:00 13:30 | D6: 0.48958333 | E6: Non | F6: - | G6: 0.5 | H6: =G6-D6 -> 0.010416667 | I6: Rendez vous entreprises : présentation de Disciplina | J6: 2 | K6: 12h, SHOP DIETETIQUE R. : Dans nos locaux 13h30, TELCO OI : St Denis (siège) | L6: - SDR : Concluant - recherche 1 commercial terrain - TELCO OI : Concluant dans la globalité - en réflexion
A7: Amanda, Laureen Lee | B7: 45862 | C7: 13:30 14:00 14:20 - - | D7: 0.55208333 | E7: Oui | F7: 0.66666667 | G7: 0.70833333 | H7: =F7-D7 -> 0.11458333 | I7: Signature des documents commerciaux | J7: 5 | K7: 13h30 : CULINARION 14h00 : PLANET PIZZA 14h20 : FRIPE PARADISE - : JOUETS SAJOU - : CITY SPORT | L7: Documents signés.
A8: Amanda, Emile | B8: 45896 | C8: 09:50 10:15 - - - | D8: 0.39930556 | E8: Oui | F8: 0.49305556 | G8: 0.5 | H8: =F8-D8 -> 0.09375 | I8: Signature des documents commerciaux | J8: 5 | K8: 9h50 : ORCHESTRA 10h15 : LES 3 BRASSEURS - : RUNEO - : GONGCHA - : Mcdonald's | L8: - ORCHESTRA : Documents signés. - LES 3 BRASSEURS : Documents signés, mais à voir avec le service Rh par mail avant. - RUNEO : Assez ambigue, souhaite recevoir des cv directement sur place sans garantie qu'il y a un poste à pourvoir. - GONGCHA : Prend uniquement en CDD/ CDI. - Mcdonald's : Documents signés.
A9: Emile, Brandon | B9: 45904 | C9: - | D9: 0.34375 | E9: Oui | F9: 0.47222222 | G9: 0.5 | H9: =F9-D9 -> 0.12847222 | I9: Prospection + signature des documents commerciaux | J9: 10 | K9: LA FABRIQUE MORGAN LIDO CHAUSSURES MATIN PEI/ PAUL VACHE&CO SO HYPE XHANNA AUTREMENT ORIGINAL SHOP OPTIQUE2000 | L9: - FABRIQUE : à réceptionner les documents nous les transmettre par mail. - MORGAN : A pris nos coordonnées et nous tiens informer - LIDO Chaussures : A pris nos coordonnées et nous tiens informer - MATIN PEI/ PAUL : Nous renvoie les documents par mail signé. - VACHE&CO : Personne désagréable. - SO HYPE : Petite structure. - XHANNA Chaussure : Intéresser, nous fait un retour. - AUTREMENT : Recherche vendeur, documents signé. - ORIGINAL SHOP : Documents signé. - OPTIQUE2000 : Fermé.
A10: Elsa | B10: 45909 | C10: - | D10: 0.64583333 | E10: Non | F10: - | G10: 0.70833333 | H10: =G10-D10 -> 0.0625 | I10: Mini prospection + signature des documents commerciaux | J10: 6 | K10: SAVEUR DES INDES BOULANGERIE PARIS RENÉ PAUL PHARMACIE DE SAINTE-CLOTILDE UJAS SAINTE-CLOTILDE COUTELLERIE DE PARIS RELAIS KREOL | L10: - Saveur d'Inde : Refus - Boulangerie Paris : Documents laissé pour signature - Pharmacie de Ste Clotilde : Documents laissé pour signature - Ujas Ste clotilde : Documents laissé pour signature - Coutellerie de Paris : Document signé. - Relais Kreol : Chargé de recrutement absent
A11: Emile, Brandon | B11: 45910 | C11: - | D11: 0.33333333 | E11: Oui | F11: 0.49305556 | G11: 0.5 | H11: =G11-D11 -> 0.16666667 | I11: Prospection + signature des documents commerciaux | J11: ≃15 | K11: MAMODO 440 SMILE EVENEMENT KENZA SPACE TUNING S'CENTER CASH CONVERTERS | L11: - MAMODO : Pas concluant - SMILE EVENEMENT : Pas concluant - POMPE FUNÈBRE 440 : A réfléchir - SPACE TUNING : Pas satisfait des candidats reçu - S'CENTER : Pas intéresser, équipe au complet - CASH CONVERTERS : Équipe au complet + Des petits entreprise : Pas concluant
A12: Emile, Brandon | B12: 45918 | C12: - | D12: 0.54166667 | E12: Non | F12: - | G12: 0.625 | H12: =G12-D12 -> 0.083333333 | I12: Prospection | J12: ≃12 | K12: AU MONDE DES ANIMAUX ALTESSE TOILETTAGE MAISON DU MONDE MAISON DE LA PRESS KOZ MANIA STREET FOOD RUN PHONE SERVICES RUN TACOS URBAN STORE CHOCOLA TE PIMKIE | L12: - PIMKIE : Concluant - CHOCOLA TE : Concluant - MAMZELL PIZZA : Concluant - URBAN STORE : Pas concluant Autres structure : Pas conlcuant
A13: Emile, Brandon | B13: 45924 | C13: - | D13: 08:00 13:00 | E13: Oui | F13: 0.49305556 | G13: 0.625 | H13: 0.29166667 | I13: Prospection | J13: ≃19 | K13: JEFF DE BRUDGE MAIDO SHRINGAR MULA SONIA ESPRIT BREAL MAISON TIMOL BADAT LINGERIE ZIG ZAG VERO MODA CELIO LA GRANDE AVENUE MACARONS ETC CLUBMAN MIYA BEC WINADI HAIR | L13: - BADAT LINGERIE : A réfléchir - VERO MODA : A réfléchir - CELIO : Équipe au complet - LA GRANDE AVENUE : A réfléchir - MACARONS ETC : A réfléchir - CLUBMAN : Lundi apprenti - BEC : Équipe au complet - WINADI HAIR : Oui
A14: Emile, Brandon | B14: 45932 | C14: - | D14: 0.33333333 | E14: Oui | F14: 0.45833333 | G14: 0.5 | H14: =F14-D14 -> 0.125 | I14: Prospection | J14: ≃14 | K14: BOUTIK SERVICES 2 RIVES LE PAIN DORÉ 97441 PHARMACIE DE L'EST C4U DREAM DONUTS LE CAP MECHANT TOTAL BOCAGE NAYAGOM BOUTIK SERVICES ST ANDRÉ POURQUOI PAS 97441 BOULANGERIE 2 BLÉ 97441 JULES LA BRASSERIE BY CAP MECHANT MADO KIKO UNDIZ BAYA STAN'ENERGY SPACE TUNNING | L14: - BOUTIK SERVICES 2 RIVES : Recherche 2 employé polyvalent - C4U : Recherche 2 Vendeur - TOTAL BOCAGE NAYAGOM : Recherche 1 employé polyvalent - STAN'ENERGY : Intéresser par des commerciaux
A15: Amanda | B15: 45973 | C15: 9h00 | D15: 0.34375 | E15: Oui | F15: 0.42361111 | G15: 0.5 | H15: =F15-D15 -> 0.079861111 | I15: Rendez vous entreprises : présentation de Disciplina | J15: 1 | K15: CITYA St Denis | L15: Concluant, recherche 1 Assistante de transaction. Documents signés.
A16: Emile | B16: 45981 | C16: - | D16: 0.57083333 | E16: Non | F16: - | G16: 0.625 | H16: =G16-D16 -> 0.054166667 | I16: Prospection | J16: 4 | K16: 14h20 : SECURYCARS 14h36 : GI SPORT 14h50 : VIDEO DRIVE 15h05 : STATION SERVICE DU MOUFIA | L16: SECURYCARS - On arrête des beaux parleurs GI SPORT - Non c’est familial VIDEO DRIVE - À réfléchir STATION SERVICE DU MOUFIA - complet pour le moment
A17: Emile, Brandon | B17: 45994 | C17: - | D17: 0.58333333 | E17: Oui | F17: 0.62222222 | G17: 0.625 | H17: =F17-D17 -> 0.038888889 | I17: Prospection | J17: 3 | K17: 14h15 : SECURYCARS 14h20 : CASH CONVERTERS 14h24 : ECOTEL | L17: SECURYCARS - Indécis - veut que des immersions CASH CONVERTERS - Travail déjà avec un CFA, pas intérésser ECOTEL - Non
A18: Emile, Brandon | B18: 46028 | C18: - | D18: 0.45833333 | E18: Oui | G18: 0.66666667 | I18: Prospection + signature des documents commerciaux | J18: 2 | K18: Station Boulevard Doré - | L18: Mandat signé.
A19: Emile, Brandon | B19: 46035 | C19: 9h00 9h30 - | D19: 0.34722222 | E19: Oui | G19: 0.5 | I19: Signature des documents commerciaux | J19: 5 | K19: 9h00 : TOMMY'S 9h30 : AUTO RELAIS 2 CANONS 9h45 : CHEVAL DE JADE 9h50 : THEATRO 10h00 : OLA NICE 97400 | L19: Documents signés, excepté Thetro & Tommy's.
A20: Emile, Brandon | B20: 46044 | E20: Oui | G20: 0.5 | I20: Prospection
A21: Emile, Brandon | B21: 46049 | D21: 0.44791667 | E21: Oui | F21: 0.47916667 | G21: 0.5 | H21: =F21-D21 -> 0.03125 | I21: Prospection | J21: 5 | K21: C.C DUPARC : YVES ROCHER POUSTAGUA DEVRED SAN MARINA VAPOLIQUID | L21: Pas intéressant
A22: Emile, Brandon | B22: 46051 | D22: 0.39583333 | E22: Oui | F22: 0.45833333 | G22: 0.5 | H22: =F22-D22 -> 0.0625 | I22: Prospection | J22: 4 | K22: LA BRETAGNE : PISCINADOM PLP BOULANGERIE PATISSERIE MARKET EXPRESS AUTO ECOLE OLIVIER | L22: CASH 110/ MARKET RUN EXPRESS : AB signé.
A23: Emile, Brandon | B23: 46070 | D23: 0.39583333 | E23: Oui | G23: 0.5 | I23: Prospection | K23: 10h00 : LE GRAND JACKPOT 10h03 : MR PIZZA 10h10 : BIG SANDWICH
A24: Brandon | B24: 46105 | D24: 0.36111111 | E24: Oui | F24: 9h20 | G24: 0.5 | H24: 0.027777778 | I24: Entretien entreprise | J24: 1 | K24: 9h : Boulangerie Marie Blache | L24: Non concluant, ne recherche que des diplome boulangerie
A25: Emile | B25: 46107 | D25: 0.39583333 | E25: Oui | F25: 0.4375 | G25: 0.5 | H25: =F25-D25 -> 0.041666667 | I25: Prospection | J25: 4 | K25: GARAGE FIVE STAR PETIT PIMENT PHARMACIE DE LA RESERVE 22 MY SECRET'S | L25: Non concluant

Sheet Suivi confirmé
A1: MOIS | B1: Classe | C1: Entreprise | D1: Commercial | E1: Apprenti | F1: Fin de période d'essaie | G1: Etat
B2: CC2 | C2: M'ZAHRA BOUTIK | D2: Amanda | E2: Marina HOARAU | F2: 45549 | G2: Confirmé
B3: NTC1 | C3: BOULANGERIE TRADITION | D3: Amanda | E3: Yasmina OUSSENI | F3: 45621 | G3: Confirmé
B4: CC1 | C4: LE MONDE DE LA GLACE | D4: Amanda | E4: Lorenzo BOYER | F4: 45653 | G4: Confirmé
B5: NTC3 | C5: CASE A PAINS ST ANDRE | D5: Amanda | E5: Alyssia VADAMALE | F5: 45683 | G5: Confirmé
B6: CC2 -> CC3 | C6: LE DYL'S | D6: Amanda | E6: Mirella BOYER | F6: 45723 | G6: Confirmé
B7: AD2 | C7: CS PREMIUM | D7: Amanda | E7: Aaron PEDIL | F7: 45771 | G7: Confirmé
A8: MAI | B8: CC2 | C8: O COPAIN | D8: Amanda | E8: Cathia HAMIDOUNI | F8: 45778 | G8: Confirmé | H8: Hors Primes (début avant 1/04)
B9: CC3 | C9: ARCADE SAMOUSSAS | D9: Amanda | E9: Emmanuelle BORIGNIOL | F9: 45794 | G9: Confirmé
A10: JUIN | B10: AD2 | C10: ASSISTE MOI | D10: Amanda | E10: Lanah DESILES | F10: 45820 | G10: Confirmé
B11: CC3 | C11: BURGERS DE PAPA | D11: Amanda | E11: Faherdine MAHAMOUD | F11: 45823 | G11: Confirmé
B12: CC3 | C12: SIBEL | D12: Amanda | E12: Colleen HOAREAU | F12: 45835 | G12: Confirmé
B13: NTC3 | C13: LGM | D13: Amanda | E13: Islamoudine AHAMADI | F13: 45828 | G13: Confirmé
B14: NTC4 | C14: BOULANGERIE TRADITION | D14: Amanda | E14: Mirella PICCHIRALO | F14: 45835 | G14: Confirmé
B15: NTC4 | C15: LGM | D15: Amanda | E15: Gloria VIDOT | F15: 45838 | G15: Confirmé
B16: NTC4 | C16: LGM | D16: Amanda | E16: Fardi MAJANI | F16: 45838 | G16: Confirmé
A17: JUILLET | B17: CC3 | C17: LGM | D17: Amanda | E17: Julien DUCHEMANN | F17: 45855 | G17: Confirmé
B18: NTC4->NTC3 | C18: CASE A PAINS ST ANDRE | D18: Amanda | E18: Orlane FONTAINE | F18: 45855 | G18: Confirmé
B19: CC3 | C19: CHEZ STEEVE | D19: Amanda | E19: Alfredo BABAS | F19: 45859 | G19: Confirmé
B20: CC3 | C20: CLUB JETI | D20: Amanda | E20: Carole YEBO | F20: 45859 | G20: Confirmé
A21: AOUT | B21: CC3 | C21: LA CASE A PAINS ST DENIS VILLE | D21: Amanda | E21: Nahida MARIAMA ALI | F21: 45876 | G21: Confirmé
B22: CC3 | C22: RAFAELLO | D22: Amanda | E22: Médéricka RABEARISOA | F22: 45884 | G22: Confirmé
B23: CC3 | C23: EURL MAMODA | D23: Amanda | E23: David MAHAMOUD | F23: 45873 | G23: Confirmé
A24: SEPTEMBRE | B24: REM 1 | C24: SOEUR DE COEUR | D24: Amanda | E24: Clara PAYET | F24: 45905 | G24: Confirmé
A25: OCTOBRE | B25: AD3 | C25: EDRP | D25: Amanda | E25: Louise NARAYANIN | F25: 45946 | G25: Confirmé
B26: NTC5 | C26: PHARMACIE DU COLOSS | D26: Amanda | E26: Maelly DALLEAU | F26: 45945 | G26: Confirmé
B27: CC2 | C27: VITALY | D27: Amanda | E27: Windi CADET | F27: 45948 | G27: Confirmé
B28: CC4 -> CC5 | C28: PLANET PIZZA | D28: Amanda | E28: Ali CHAMASSI | F28: 45953 | G28: Confirmé
A29: NOVEMBRE | B29: REM 1 | C29: NV DIFFUSION | D29: Amanda | E29: Maureen PERIGONE | F29: 45981 | G29: Confirmé
B30: AD 4 | C30: AUTO ECOLE JAGUAR | D30: Emile | E30: Ali CHARIFA | F30: 45983 | G30: Confirmé
B31: AD 4 | C31: FAL HOLDING | D31: Amanda | E31: Meilyana MOURDANI | F31: 45987 | G31: Confirmé
B32: CC4 -> CC5 | C32: SIMONE SDI | D32: Amanda | E32: Franco BOYER | F32: 45988 | G32: Confirmé
A33: DÉCEMBRE | B33: CC4 | C33: AYO | D33: Amanda | E33: Frédérick MOINACHÉ | F33: 46003 | G33: Confirmé
B34: AD4 | C34: CLEAN CAR ADDICT | D34: Amanda | E34: Marion ZOUAO | F34: 46008 | G34: Confirmé
B35: CC4 | C35: LA BICYCLETTE | D35: Brandon | E35: Kylian TURPIN | F35: 46018 | G35: Confirmé
B36: CC4 | C36: DREAM CAKE | D36: Amanda | E36: Zarianti SAID ALI | F36: 46012 | G36: Confirmé
A37: JANVIER | B37: AD4 | C37: AUTO ECOLE RAJESH | D37: Emile | E37: Chelssy RAMAYA | F37: 46023 | G37: Confirmé
B38: CC1 OUEST | C38: LES GOURMANDISES DE LILA | D38: Amanda | E38: Anaïs RIVIERE | F38: 46037 | G38: Confirmé
B39: AD4 | C39: ASSISTE MOI | D39: Amanda | E39: Chékynia ATCHEEMOONIEN | F39: 46038 | G39: Confirmé
B40: CC4 | C40: RAFAELLO | D40: Amanda | E40: Gabriel DUBOURG | F40: 46047 | G40: Confirmé
B41: NTC5 | C41: GUILLERMO LOCATION | D41: Brandon | E41: Mathias LADOUCEUR | F41: 46048 | G41: Confirmé
A42: FÉVRIER | B42: NTC1 OUEST | C42: SODIRAJ | D42: Amanda | E42: Lisa FONTAINE | F42: 46071 | G42: Confirmé
B43: NTC6 | C43: BB9 | D43: Brandon | E43: Mégane SETTAMA | F43: 46072 | G43: Confirmé
B44: NTC6 | C44: TURBO OI | D44: Brandon | E44: Judicaël LEBON | F44: 46072 | G44: Confirmé
B45: CC5 | C45: KABAR | D45: Amanda | E45: Kenny CHANE-KUNE | F45: 46072 | G45: Confirmé
B46: CC5 | C46: BOULANGERIE TRADITION | D46: Amanda | E46: Pauline PAYET | F46: 46072 | G46: Confirmé
B47: CC5 | C47: G LA DALLE ST DENIS | D47: Amanda | E47: Sébastien M BAE ALI | F47: 46073 | G47: Confirmé
B48: CC5 | C48: G LA DALLE STE CLOTILDE | D48: Amanda | E48: Mohammed BAKAR | F48: 46073 | G48: Confirmé
B49: NTC6 | C49: DECATHLON | D49: Amanda | E49: Sarah HELENE | F49: 46078 | G49: Confirmé
B50: CC5 | C50: DELICATESSE DE CASTA | D50: Amanda | E50: Tommy NOSBE | F50: 46080 | G50: Confirmé
A51: MARS | B51: CC3 | C51: GDM TRAITEUR | D51: Amanda | E51: Faherdine MAHAMOUD | F51: 46086 | G51: Confirmé
B52: CC5 | C52: OLA UJAS | D52: Brandon | E52: Ann-Kelly FICHERE | F52: 46088 | G52: Confirmé
B53: NTC6 | C53: KAIM | D53: Brandon | E53: Indira BETON | F53: 46089 | G53: Confirmé
B54: NTC6 | C54: IAMK | D54: Brandon | E54: Anthony PROMI | F54: 46104 | G54: Confirmé
B55: CC5 | C55: KING JOUET | D55: Brandon | E55: Oramaïka HIVANHOE | F55: 46099 | G55: Confirmé
B56: CC1 OUEST | C56: PRO DISTRI 3B | D56: Amanda | E56: Tsiaro TAHINJANAHARY | F56: 46094 | G56: Confirmé
B57: AD4 | C57: SIBEL | D57: Amanda | E57: Myrhia MORBY | F57: 46103 | G57: Confirmé
B58: CC5 | C58: BOUTIQUE SERVICE | D58: Emile | E58: Lorhna POLEYA | F58: 46104 | G58: Confirmé
B59: CC5 | C59: KABAR | D59: Amanda | E59: Emeline PAYET | F59: 46106 | G59: Confirmé
B60: CC5 | C60: McDonald's Ste Clotilde | D60: Amanda | E60: Léhyna MALET | F60: 46108 | G60: Confirmé
A61: AVRIL | B61: AD4 | C61: ASSISTE MOI | D61: Amanda | E61: Anne-Lise RANGUIN | F61: 46116 | G61: Confirmé
B62: CC5 | C62: McDonald's | D62: Amanda | E62: Souvenir MMADI | F62: 46117 | G62: Confirmé
B63: AD3 | C63: GAIA PATRIMOINE | D63: Amanda | E63: Anne-Laure MAILLOT | F63: 46118 | G63: Confirmé
B64: NTC6 | C64: DECATHLON | D64: Amanda | E64: Etienne GRONDIN | F64: 46128 | G64: Confirmé
B65: AD2 | C65: VELOGIC EXPRESS | D65: Brandon | E65: Lanah DESILES | F65: 46128 | G65: Confirmé
B66: AD4 | C66: EMBOSS | D66: Amanda | E66: Maël MOLLO | F66: 46129 | G66: Confirmé
B67: CC6 | C67: POKERUN | D67: Amanda | E67: Marie-Célia SINGABRAYEN | F67: 46129 | G67: Confirmé
B68: CC5 | C68: TI CASE VICTORINE | D68: Amanda | E68: Paole Elina LEBON | F68: 46135 | G68: Confirmé
A69: AVRIL | B69: NTC6 | C69: DOUSSY LOC | D69: Emile | E69: Stella DUPUIS | F69: 46135 | G69: Confirmé | H69: N'étais pas dans le suivi général lors de la déclaration des primes du mois d'Avril
A70: AVRIL | B70: CC6 | C70: TOTAL LACAUSSADE | D70: Brandon | E70: Faissoil AHMED | F70: 46139 | G70: Confirmé
A71: MAI | B71: REM1 | C71: O'COPAIN | D71: Amanda | E71: Matthias CLAPIER | F71: 46143 | G71: Confirmé
A72: MAI | B72: AD4 | C72: LIBRAIRIE GERARD | D72: Emile | E72: Priscilla BULLIN | F72: 46149 | G72: Confirmé
A73: MAI | B73: AD4 | C73: HERTZ | D73: Amanda | E73: Housnia DAROUECHE | F73: 46149 | G73: Confirmé
A74: MAI | B74: NTC 6 | C74: LA SPHERE | D74: Emile | E74: Gina DELIRON | F74: 46157 | G74: Confirmé
A75: MAI | B75: NTC 6 | C75: LA SPHERE | D75: Emile | E75: Alexis HAMET | F75: 46157 | G75: Confirmé
A76: MAI | B76: CC6 | C76: LE DRESSING DE SHANA | D76: Amanda | E76: Naël HAMADA | F76: 46158 | G76: Confirmé
A77: MAI | B77: CC6 | C77: LE KEB'S | D77: Brandon | E77: Matis HOARAU | F77: 46158 | G77: Confirmé
A78: MAI | B78: CC6 | C78: McDonald's DUPARC | D78: Amanda | E78: Zayed ALI MTSOUDJAE | F78: 46163 | G78: Confirmé
A79: MAI | B79: CC6 | C79: BURHANI | D79: Brandon | E79: Cloé GRONDIN | F79: 46167 | G79: Confirmé
A80: MAI | B80: CC6 | C80: POKERUN | D80: Amanda | E80: Rafina MOUSSA | F80: 46150 | G80: Confirmé
A81: MAI | B81: CC7 | C81: OGUAVA | D81: Amanda | E81: Gwenaelle ELEONORE | F81: 46159 | G81: Confirmé
B82: NTC6 | C82: DELICE IMPERIAL 2 DRAGONS | D82: Brandon | E82: Tandima AHAMADI | G82: Période essai
B83: CC4 | C83: IGLOO | D83: Amanda | E83: Olivier DENNEMONT | F83: 46170 | G83: Période essai
B84: CC7 | C84: ENGEN CHAUDRON | D84: Amanda | E84: Florian RAMARA | F84: 46169 | G84: Période essai
B85: NTC6 | C85: KING JOUET | D85: Brandon | E85: Nancy BOYER | F85: 46177 | G85: Période essai
C93: Possiblité :
C94: *Prime sur objectifs basé sur le nombre de contrat signé dans une sessions clôturé.
C95: *Prime par contrat signé période d'essais clôturé. Ex : - 60 € par contrat signé. - 100 € pour chaque contrat dépassant un objectif mensuel (ex : au-delà de 8 contrats). - 1000 € si l’objectif annuel de 120 contrats est atteint.
C96: *Prime exceptionnelle/ Défi commercial Ex : - 250 € pour le meilleur vendeur du trimestre. - Cadeau (ex : Carte. cadeau, week-end offert) pour celui qui dépasse un certain chiffre d’affaires - Bonus de 500 € si le centre atteint un objectif global de ventes trimestriel
C100: *Prime par contrat signé période d'essais clôturé : - 50 € par contrat signé.
C101: *Prime exceptionnelle / Défi commercial : - 200€ pour le meilleur vendeur du trimestre.
C104: *Prime par contrat signé période d'essais clôturé : - 1 000 € si l’objectif annuel de 120 contrats est atteint.
C105: *Prime exceptionnelle / Défi commercial : - Bonus de 500 € si le centre atteint un objectif global de ventes trimestriel
